{
"type": "FeatureCollection",
"name": "climate-regions-d2000",
"crs": { "type": "name", "properties": { "name": "urn:ogc:def:crs:OGC:1.3:CRS84" } },
"features": [
{ "type": "Feature", "properties": { "climate_region": 1 }, "geometry": { "type": "MultiPolygon", "coordinates": [ [ [ [ 7.181216200355659, 53.138775200247757 ], [ 7.227498499738156, 53.18027850022721 ], [ 7.208949500050075, 53.243066900028374 ], [ 7.250852400133086, 53.330108600125712 ], [ 7.028785800440231, 53.336712899999803 ], [ 6.999643000047588, 53.360732800171895 ], [ 7.048514200061453, 53.508961299798138 ], [ 7.034124599564867, 53.545619699853397 ], [ 7.066230299784384, 53.516930100183224 ], [ 7.076726500330002, 53.532761199949405 ], [ 7.114771400372399, 53.509724899822039 ], [ 7.151467499778606, 53.533875100006846 ], [ 7.090268199894541, 53.579589800094887 ], [ 7.245680599616427, 53.670220899996409 ], [ 7.360548100436598, 53.693117599838679 ], [ 7.526606500167587, 53.672075099929927 ], [ 7.703216600159068, 53.704137699820308 ], [ 8.015242999601583, 53.708809799869918 ], [ 8.04236289997562, 53.641390600218479 ], [ 8.086804299812648, 53.643750699829702 ], [ 8.123450300175499, 53.598403200093209 ], [ 8.149609299639536, 53.601919899962702 ], [ 8.171062199603256, 53.540519500181766 ], [ 8.152977099809368, 53.513316000211091 ], [ 8.059501799789142, 53.507803300094338 ], [ 8.067212600421469, 53.472335099831405 ], [ 8.09961629966852, 53.444242100067626 ], [ 8.148582200079664, 53.451669000132284 ], [ 8.234100199956963, 53.399594999791844 ], [ 8.281840700404166, 53.41515139989928 ], [ 8.313997399778996, 53.458646599901002 ], [ 8.308530800033866, 53.522443400070905 ], [ 8.225616799671251, 53.520482400091794 ], [ 8.270924799771306, 53.609341600262624 ], [ 8.323589700214375, 53.61785969986046 ], [ 8.384544500237679, 53.574673699777982 ], [ 8.463277900269802, 53.552620299913869 ], [ 8.518002099568502, 53.558332200091726 ], [ 8.553488900413974, 53.534937000097841 ], [ 8.477535699947914, 53.468001200262115 ], [ 8.469300700007961, 53.387201699947006 ], [ 8.48573509965316, 53.418817999908327 ], [ 8.493248899743717, 53.367576999761255 ], [ 8.424567399805859, 53.369901200161038 ], [ 8.405668599739419, 53.392146799885019 ], [ 8.292159700175137, 53.353626500058141 ], [ 8.319418499855011, 53.301158699798279 ], [ 8.274555800031177, 53.301113000089764 ], [ 8.269459999682487, 53.275561699764808 ], [ 8.315731900167251, 53.196958900142548 ], [ 8.203390000191943, 53.204761699761924 ], [ 8.161500399666728, 53.176942500004202 ], [ 8.046174500235157, 53.212380600161687 ], [ 8.067603199585104, 53.249962000161034 ], [ 8.030447699945965, 53.310350900168032 ], [ 7.970561599565053, 53.304556299933544 ], [ 7.961376200020769, 53.330254500227447 ], [ 7.885429100013832, 53.35189890022292 ], [ 7.87144180013574, 53.376033600249791 ], [ 7.8360824998735, 53.36216489991218 ], [ 7.813969700197015, 53.40847520013898 ], [ 7.770020599593551, 53.407644900024884 ], [ 7.780862700032566, 53.443387199934449 ], [ 7.735102099946274, 53.44051199993774 ], [ 7.73667520002743, 53.472414400256817 ], [ 7.677077699601188, 53.462887899991351 ], [ 7.650485800205093, 53.561195600145673 ], [ 7.441660799889831, 53.541391599989318 ], [ 7.441391599952009, 53.513573099995291 ], [ 7.412426400084287, 53.502507799932928 ], [ 7.413509199683354, 53.526503699919168 ], [ 7.346569199806433, 53.536951499809774 ], [ 7.326368599857807, 53.556618099843064 ], [ 7.216838300059334, 53.556146399780268 ], [ 7.186979800201722, 53.520061699808906 ], [ 7.211994099855433, 53.498935099991115 ], [ 7.182533700094085, 53.486277800013433 ], [ 7.191147400113419, 53.455788099784208 ], [ 7.240753800220446, 53.459424799900056 ], [ 7.285223000220582, 53.429322000148879 ], [ 7.279287199622751, 53.379182700123913 ], [ 7.312324099754034, 53.36499540008316 ], [ 7.298875900437521, 53.320204699891327 ], [ 7.396708500302938, 53.289487299820699 ], [ 7.407425200419834, 53.232633599765059 ], [ 7.313631400020681, 53.221119899964741 ], [ 7.257145399633971, 53.119253900199702 ], [ 7.202732199781565, 53.112861199838669 ], [ 7.181216200355659, 53.138775200247757 ] ] ], [ [ [ 6.656095199680627, 53.598012700173378 ], [ 6.754707699807708, 53.620111199971376 ], [ 6.813489999774878, 53.601495299770413 ], [ 6.716535999868048, 53.582263699894952 ], [ 6.757968300421446, 53.567073199788751 ], [ 6.740799500183669, 53.556954000231222 ], [ 6.6642039000849, 53.578396900006361 ], [ 6.656095199680627, 53.598012700173378 ] ] ], [ [ [ 6.909281600365303, 53.650323300070056 ], [ 6.897059299577688, 53.625272200049764 ], [ 6.879893199675652, 53.626670200148894 ], [ 6.865928499613504, 53.646531799741702 ], [ 6.909281600365303, 53.650323300070056 ] ] ], [ [ [ 6.865003700198191, 53.664441400165153 ], [ 7.060165899963771, 53.6883101000791 ], [ 7.105091000360479, 53.683041399973547 ], [ 6.865003700198191, 53.664441400165153 ] ] ], [ [ [ 7.137623800090261, 53.709809899831129 ], [ 7.188439300230364, 53.722917899997874 ], [ 7.348059500371223, 53.724832999984848 ], [ 7.268157199914969, 53.703523599863573 ], [ 7.152756200427318, 53.696858600205204 ], [ 7.137623800090261, 53.709809899831129 ] ] ], [ [ [ 7.360861699607361, 53.720833999843663 ], [ 7.435828499585781, 53.733260399839423 ], [ 7.440623100209575, 53.715227900062814 ], [ 7.360861699607361, 53.720833999843663 ] ] ], [ [ [ 7.462598300442425, 53.738954400134503 ], [ 7.492789500348651, 53.756582500253053 ], [ 7.631157699755932, 53.74870860025451 ], [ 7.511667599637711, 53.743189000141527 ], [ 7.475178400207724, 53.720182600068334 ], [ 7.462598300442425, 53.738954400134503 ] ] ], [ [ [ 8.004963600263292, 53.780448600010651 ], [ 8.030296899759216, 53.757326199932955 ], [ 8.02308479975517, 53.741493799917201 ], [ 7.989012300204814, 53.769775999759311 ], [ 8.004963600263292, 53.780448600010651 ] ] ], [ [ [ 7.669802599847968, 53.766145700178633 ], [ 7.720697500279385, 53.782323899932976 ], [ 7.817237700233745, 53.771838700102492 ], [ 7.695958500124287, 53.765660199991217 ], [ 7.682644599841074, 53.74971549999244 ], [ 7.669802599847968, 53.766145700178633 ] ] ], [ [ [ 7.849266599886378, 53.789487600234878 ], [ 7.898507499758771, 53.794564799793129 ], [ 7.97836179963612, 53.779980199980685 ], [ 7.876972400353313, 53.788388699833348 ], [ 7.865566800211289, 53.772306900067555 ], [ 7.849266599886378, 53.789487600234878 ] ] ], [ [ [ 7.890557399612845, 54.169309899879977 ], [ 7.883315900444526, 54.189550199924838 ], [ 7.898984600396079, 54.170676699800666 ], [ 7.890557399612845, 54.169309899879977 ] ] ], [ [ [ 7.912479900179539, 54.179603799804077 ], [ 7.91940500012841, 54.191719799812283 ], [ 7.921414800015278, 54.189906100009296 ], [ 7.912479900179539, 54.179603799804077 ] ] ], [ [ [ 8.297733999838012, 54.740140199899848 ], [ 8.295822899648071, 54.909269200089497 ], [ 8.384589999906797, 55.040227200239165 ], [ 8.417442100414451, 55.058683400170338 ], [ 8.464998899877644, 55.046278399772014 ], [ 8.396808400209482, 55.045592299776672 ], [ 8.436561700089534, 55.039392600095255 ], [ 8.441858500279672, 55.016676400215317 ], [ 8.379039800246385, 54.995854699969918 ], [ 8.354714699756768, 54.967670799860485 ], [ 8.380571399958033, 54.894309999963113 ], [ 8.489021000418552, 54.878267399748559 ], [ 8.510890300059176, 54.884269100188945 ], [ 8.628704300164109, 54.89271859998712 ], [ 8.636441399874728, 54.911418000248112 ], [ 8.727911099632051, 54.892749500096535 ], [ 8.948075300216781, 54.902538200208191 ], [ 8.973087600220655, 54.896746300257945 ], [ 8.951017599877547, 54.829804299748254 ], [ 8.970472899974315, 54.802827500036024 ], [ 9.099126600219819, 54.815008699847105 ], [ 9.120245699698682, 54.788250900107961 ], [ 9.07823210022322, 54.756094699943937 ], [ 9.062179100094815, 54.700683799840768 ], [ 9.172118599573187, 54.699262499869761 ], [ 9.193511599873748, 54.6585981000121 ], [ 9.119733400373606, 54.620447399926313 ], [ 9.099092200134336, 54.585864599895643 ], [ 9.115433100429842, 54.566198400198779 ], [ 9.093590600229092, 54.551981900195727 ], [ 9.129772399762089, 54.553734700051031 ], [ 9.172493300352924, 54.486244400251593 ], [ 9.130079999983369, 54.474598999822554 ], [ 9.113823400289078, 54.447428600027479 ], [ 9.141362900139049, 54.417587000243003 ], [ 9.110633600394443, 54.406239899913935 ], [ 9.137719000071689, 54.384810600043508 ], [ 9.204358100261013, 54.381638200075422 ], [ 9.171484000012075, 54.344070199756345 ], [ 9.190533699978243, 54.31574069999872 ], [ 9.22550110031635, 54.322515100015288 ], [ 9.22042060007356, 54.346517299942313 ], [ 9.259993299953946, 54.344060799844797 ], [ 9.287597700388249, 54.275262600074292 ], [ 9.361439900360832, 54.279710399917235 ], [ 9.375836399918791, 54.294129800175796 ], [ 9.403332200323458, 54.281564299883769 ], [ 9.39230820002258, 54.252120600086705 ], [ 9.355394700232749, 54.260051399888738 ], [ 9.33518060040204, 54.241128600063952 ], [ 9.370582600284681, 54.202816399822886 ], [ 9.437732600223869, 54.20072759977041 ], [ 9.463732199928977, 54.125945200239137 ], [ 9.505966399587059, 54.124875899993476 ], [ 9.525740400387036, 54.155304800142673 ], [ 9.542200100183923, 54.149336499968449 ], [ 9.555789999753355, 54.091515499778538 ], [ 9.607845999638977, 54.067519200024499 ], [ 9.605074200219107, 54.048817900129109 ], [ 9.563156399780508, 54.041499500153108 ], [ 9.588883899786032, 54.010950699772295 ], [ 9.541728400218133, 53.958148699866094 ], [ 9.621712999829137, 53.927493599738874 ], [ 9.574594400358178, 53.912049400046321 ], [ 9.59581829999302, 53.891408600175417 ], [ 9.645225399871105, 53.88825390015468 ], [ 9.676613900439166, 53.851044900086364 ], [ 9.649298600321183, 53.781218100076302 ], [ 9.746607500342263, 53.792624400060852 ], [ 9.664183999887692, 53.740778199800488 ], [ 9.7813905996217, 53.707697899755331 ], [ 9.744990300167165, 53.6847718001654 ], [ 9.777834599704892, 53.659769800260193 ], [ 9.770548599793992, 53.616031199926468 ], [ 9.868154799953297, 53.609298600013517 ], [ 9.864256399979419, 53.54422540021929 ], [ 9.929860700250286, 53.54185739991091 ], [ 9.937145100261656, 53.49938330017455 ], [ 9.781995199943875, 53.492318499743327 ], [ 9.768850700363675, 53.505303199838089 ], [ 9.738457100142458, 53.490786299766739 ], [ 9.771205599745025, 53.480309099840703 ], [ 9.783244799623226, 53.440489700145392 ], [ 9.68367110034551, 53.41152240024946 ], [ 9.598464699989101, 53.471562300038485 ], [ 9.555951400060454, 53.45709650024471 ], [ 9.52700069989975, 53.473174799825436 ], [ 9.55374669989293, 53.490308999802316 ], [ 9.509241199870482, 53.503115199818858 ], [ 9.525265700048209, 53.521895499912965 ], [ 9.496287799798989, 53.543825300219765 ], [ 9.574914000275017, 53.543997399917117 ], [ 9.567894800003494, 53.566669599973224 ], [ 9.510797399946176, 53.587292899996797 ], [ 9.467399899961469, 53.565462100136671 ], [ 9.438576599772654, 53.59414340005597 ], [ 9.385864200010626, 53.594852300149171 ], [ 9.430547499984018, 53.623202399896307 ], [ 9.311277000223514, 53.696000100089378 ], [ 9.22082520037922, 53.693005199870449 ], [ 9.218896099747605, 53.66434609983947 ], [ 9.176479599579022, 53.643613099941824 ], [ 9.158277399896297, 53.67512570012682 ], [ 9.077248600395674, 53.674544200190198 ], [ 9.03483349980227, 53.627586799751526 ], [ 8.976767900023336, 53.627271599836753 ], [ 8.990579399600289, 53.604995000250071 ], [ 8.967637799869642, 53.594388099735617 ], [ 8.948794600129384, 53.637847199845027 ], [ 8.859513400321731, 53.651593899961306 ], [ 8.826738800168599, 53.680083799917149 ], [ 8.766996299977432, 53.691847800021819 ], [ 8.727598099637586, 53.638356300136223 ], [ 8.7508586003958, 53.631245900013298 ], [ 8.684540000235208, 53.63036189980744 ], [ 8.713780699925829, 53.606125599953614 ], [ 8.704183500078916, 53.571089799809329 ], [ 8.892354899810707, 53.511079700254967 ], [ 8.733036999830951, 53.478007099733809 ], [ 8.670473900140427, 53.439505099806297 ], [ 8.700199799678952, 53.381331799943489 ], [ 8.775582599583966, 53.379456300205625 ], [ 8.735562400351528, 53.358449000247738 ], [ 8.771920000185661, 53.322141199738866 ], [ 8.661102499924999, 53.28189929999462 ], [ 8.503999499584513, 53.293645099869586 ], [ 8.501091999759504, 53.475192999761695 ], [ 8.57664999989103, 53.538754500200795 ], [ 8.507750699819274, 53.603826700073874 ], [ 8.483827999661193, 53.694391599950876 ], [ 8.55687900036242, 53.828290999966562 ], [ 8.614935099558918, 53.882146400169297 ], [ 8.686585700394078, 53.89224819991982 ], [ 8.701177299658717, 53.864247700192564 ], [ 8.770628399775219, 53.836686800102321 ], [ 8.893340899649708, 53.823846899817482 ], [ 9.019962800267063, 53.834334000009299 ], [ 9.09870359972221, 53.864548100198888 ], [ 9.271560199791763, 53.858725599856008 ], [ 9.493303299981108, 53.677302900232327 ], [ 9.53708230009395, 53.614971299988923 ], [ 9.586912800219952, 53.585934300199519 ], [ 9.633340800053311, 53.571240700152771 ], [ 9.657611099717329, 53.58126039991317 ], [ 9.555725000354343, 53.620761299756488 ], [ 9.574687899707872, 53.631688299870248 ], [ 9.523614399824925, 53.713022899942537 ], [ 9.430969100008118, 53.749563399891557 ], [ 9.400965199736943, 53.826531999859199 ], [ 9.227493700160426, 53.887458400089244 ], [ 9.02245930018832, 53.879479499807609 ], [ 9.018475500075347, 53.90020870014267 ], [ 8.974580399898535, 53.892147799801172 ], [ 8.927507399809706, 53.920667699835406 ], [ 8.837002600261993, 54.029921100247293 ], [ 8.958816800123747, 54.033762000069913 ], [ 8.985692000312701, 54.060803000038369 ], [ 8.958499100143735, 54.063766500156284 ], [ 8.979846699589856, 54.069149699790586 ], [ 8.925243799803958, 54.132342499975422 ], [ 8.858378699658797, 54.119146799948496 ], [ 8.826845699687428, 54.143921199817342 ], [ 8.807489700260479, 54.176171899945324 ], [ 8.840149800249208, 54.220648600262543 ], [ 8.830884700376311, 54.289275099868945 ], [ 8.70628140044062, 54.293031699993207 ], [ 8.663652000448037, 54.264527400014892 ], [ 8.604730399628098, 54.307598100166743 ], [ 8.625415600248298, 54.276872899868138 ], [ 8.583165999872978, 54.297533000222174 ], [ 8.605800099993688, 54.359139200054692 ], [ 8.639796199625767, 54.339805200229243 ], [ 8.689218700221057, 54.357357200065266 ], [ 8.689000900087157, 54.371653299986278 ], [ 8.639067300316015, 54.368587599828714 ], [ 8.647362100206147, 54.393115800213735 ], [ 8.871198000123012, 54.405122999892249 ], [ 9.016466499689095, 54.485065599772604 ], [ 8.935275399769449, 54.561382399908801 ], [ 8.873692500394432, 54.555467599986166 ], [ 8.887320599923003, 54.60886499994983 ], [ 8.751602799811483, 54.681138299924484 ], [ 8.740768399731087, 54.716060799915425 ], [ 8.686976100131723, 54.730502599834182 ], [ 8.714970799692329, 54.737351100005348 ], [ 8.701115899809039, 54.77397740018155 ], [ 8.608978800304653, 54.840932500003085 ], [ 8.612641399702959, 54.880325899881122 ], [ 8.509585199766653, 54.881518100034143 ], [ 8.417552700093928, 54.846513700141642 ], [ 8.340935100253841, 54.879543599798339 ], [ 8.296642800092723, 54.839282199913427 ], [ 8.297733999838012, 54.740140199899848 ] ], [ [ 9.221892200409069, 53.693094699879445 ], [ 9.298563700064534, 53.729715800043152 ], [ 9.26202809995517, 53.76838459981122 ], [ 9.152269900264066, 53.739039100237505 ], [ 9.161338299632455, 53.701774299834497 ], [ 9.221892200409069, 53.693094699879445 ] ] ], [ [ [ 8.484263599928992, 53.453640700185758 ], [ 8.483702300200108, 53.456405499983248 ], [ 8.484166800168895, 53.456658900126627 ], [ 8.484263599928992, 53.453640700185758 ] ] ], [ [ [ 8.493469700250655, 53.576230900154549 ], [ 8.493482399733821, 53.574729299958186 ], [ 8.492370100359139, 53.576012400033839 ], [ 8.493469700250655, 53.576230900154549 ] ] ], [ [ [ 8.487075299818805, 53.913928799818549 ], [ 8.497944900383599, 53.931980600226062 ], [ 8.519979100167681, 53.913446000075858 ], [ 8.487075299818805, 53.913928799818549 ] ] ], [ [ [ 8.418161299715747, 53.940982300109667 ], [ 8.440343099887517, 53.964903700195755 ], [ 8.460754699723349, 53.958506499934046 ], [ 8.418161299715747, 53.940982300109667 ] ] ], [ [ [ 8.688328800354546, 54.067182599823681 ], [ 8.682691400331153, 54.052989399944799 ], [ 8.703207200248372, 54.046509700163284 ], [ 8.680211099729421, 54.053223099744876 ], [ 8.688328800354546, 54.067182599823681 ] ] ], [ [ [ 8.550475499996741, 54.459764799954662 ], [ 8.551758299612354, 54.464654899911068 ], [ 8.562225100095334, 54.463966999913517 ], [ 8.550475499996741, 54.459764799954662 ] ] ], [ [ [ 8.72639519977661, 54.462282900108924 ], [ 8.734868600016567, 54.468003400175462 ], [ 8.73616319990175, 54.467702800085071 ], [ 8.72639519977661, 54.462282900108924 ] ] ], [ [ [ 8.590642299791966, 54.531489900238412 ], [ 8.686350400180123, 54.557396099974731 ], [ 8.708759100419622, 54.555224000174249 ], [ 8.685030100392977, 54.521065800007229 ], [ 8.700789600256813, 54.501700500156858 ], [ 8.668975300040721, 54.494388200170782 ], [ 8.619476299814142, 54.490664499996178 ], [ 8.590642299791966, 54.531489900238412 ] ] ], [ [ [ 8.507313499651978, 54.527391900200293 ], [ 8.514412199927795, 54.529584099933572 ], [ 8.516708900156827, 54.528638499906855 ], [ 8.507313499651978, 54.527391900200293 ] ] ], [ [ [ 8.51028680017321, 54.577821399900643 ], [ 8.556353399682923, 54.578828400123356 ], [ 8.572820700125451, 54.559914599877132 ], [ 8.548857999784381, 54.557146600228883 ], [ 8.51028680017321, 54.577821399900643 ] ] ], [ [ [ 8.728681599922586, 54.628969299758836 ], [ 8.717377099775932, 54.640730999999349 ], [ 8.736296899758752, 54.642486300058799 ], [ 8.728681599922586, 54.628969299758836 ] ] ], [ [ [ 8.530639599883798, 54.62929690014613 ], [ 8.636928799696724, 54.649157199971405 ], [ 8.665067599808728, 54.661259399753973 ], [ 8.647017899925258, 54.639299800108638 ], [ 8.547747799772516, 54.617675600207505 ], [ 8.530639599883798, 54.62929690014613 ] ] ], [ [ [ 8.310584499690322, 54.684727700105491 ], [ 8.361207400135198, 54.711326900102996 ], [ 8.338275000051359, 54.684747000172038 ], [ 8.39817259976625, 54.614964400113244 ], [ 8.367116299783515, 54.610236199811226 ], [ 8.305532699722562, 54.653987000099022 ], [ 8.310584499690322, 54.684727700105491 ] ] ], [ [ [ 8.682208699596375, 54.675947900002512 ], [ 8.711037100419375, 54.69189529981314 ], [ 8.720569600006277, 54.687830400037662 ], [ 8.708486300034135, 54.672540599783822 ], [ 8.682208699596375, 54.675947900002512 ] ] ], [ [ [ 8.395076300119673, 54.710804900212153 ], [ 8.427473200018326, 54.745881200043186 ], [ 8.521863900381067, 54.755441300139182 ], [ 8.583137199884966, 54.744697300093044 ], [ 8.596815899716876, 54.718660199851726 ], [ 8.560683099689324, 54.679234100040375 ], [ 8.484604499799509, 54.680024100080352 ], [ 8.395076300119673, 54.710804900212153 ] ] ], [ [ [ 8.80824620030735, 54.498151000037602 ], [ 8.878181000085204, 54.543041900113643 ], [ 8.931588599757404, 54.54100639992707 ], [ 8.959588499665207, 54.517449099963237 ], [ 8.892856200163454, 54.459948700245612 ], [ 8.807342199585801, 54.470442299862086 ], [ 8.80824620030735, 54.498151000037602 ] ] ], [ [ [ 8.78948119981089, 54.551758100245735 ], [ 8.827190599755923, 54.54975100007519 ], [ 8.824465800191723, 54.543400800086253 ], [ 8.78948119981089, 54.551758100245735 ] ] ], [ [ [ 8.819509800159125, 54.594990000077424 ], [ 8.822836700034076, 54.604249000206487 ], [ 8.83253939982461, 54.603609799928705 ], [ 8.819509800159125, 54.594990000077424 ] ] ], [ [ [ 8.761788300049739, 54.635747999978108 ], [ 8.770016099992722, 54.638598399833114 ], [ 8.773663000433119, 54.637546699929281 ], [ 8.761788300049739, 54.635747999978108 ] ] ], [ [ [ 9.871206599755658, 53.564463699844218 ], [ 9.873283200163652, 53.563608499803451 ], [ 9.870796100213523, 53.563602899805105 ], [ 9.871206599755658, 53.564463699844218 ] ] ], [ [ [ 9.610926799753635, 53.584260699846176 ], [ 9.592289100414419, 53.588197799849794 ], [ 9.572114399793742, 53.601929000243032 ], [ 9.593228800185354, 53.594288700025118 ], [ 9.610926799753635, 53.584260699846176 ] ] ], [ [ [ 9.536132600277259, 53.643737199786656 ], [ 9.542243799629258, 53.665183099904482 ], [ 9.557214699946204, 53.625660400043259 ], [ 9.536132600277259, 53.643737199786656 ] ] ], [ [ [ 9.495745900086987, 53.710867800203474 ], [ 9.521581700084884, 53.696560500200171 ], [ 9.52643859977195, 53.663520100186744 ], [ 9.509227199626785, 53.695400799883778 ], [ 9.495745900086987, 53.710867800203474 ] ] ] ] } },
{ "type": "Feature", "properties": { "climate_region": 2 }, "geometry": { "type": "MultiPolygon", "coordinates": [ [ [ [ 10.033687399578831, 54.235916399803315 ], [ 9.95287450027528, 54.286294300129057 ], [ 9.964205400111503, 54.342169999886828 ], [ 9.870848000379063, 54.359605199949243 ], [ 9.823279200321979, 54.390373900136829 ], [ 9.745588299668668, 54.370727799759649 ], [ 9.717728700438538, 54.381680100260034 ], [ 9.692837399910204, 54.360537500033843 ], [ 9.655432899850679, 54.397196400146903 ], [ 9.659497300404224, 54.45165700023022 ], [ 9.628060200080995, 54.466539400106484 ], [ 9.674927300018508, 54.49298259981348 ], [ 9.673164100253551, 54.515337700039218 ], [ 9.714063799556468, 54.518827899815747 ], [ 9.892686900132144, 54.614282899942097 ], [ 9.828230800406327, 54.649138299824955 ], [ 9.820865400204109, 54.688626300160287 ], [ 9.635917000303182, 54.694697399801747 ], [ 9.595266899698583, 54.714873899833471 ], [ 9.626862499668885, 54.747980500033101 ], [ 9.618991100026671, 54.78854270022093 ], [ 9.553584700409534, 54.79810229980896 ], [ 9.506612500278742, 54.791087100175936 ], [ 9.460055699999952, 54.753362499893711 ], [ 9.59480459970392, 54.714654999980851 ], [ 9.497924799741245, 54.67079740001099 ], [ 9.462792800195338, 54.688717100232886 ], [ 9.483385900142727, 54.718409400017869 ], [ 9.451971999710034, 54.751985600200364 ], [ 9.378565600329571, 54.753140599914595 ], [ 9.35735790001422, 54.779417099743924 ], [ 9.409322400199953, 54.798536200109204 ], [ 9.411946600130399, 54.824331300106444 ], [ 9.437013799774551, 54.788332499743177 ], [ 9.466216000367067, 54.823197400181563 ], [ 9.498211199721823, 54.822629099952032 ], [ 9.593810799793321, 54.87797599993813 ], [ 9.614124300006857, 54.876297299795738 ], [ 9.589790800269311, 54.851009500073047 ], [ 9.60466600036411, 54.830681900036488 ], [ 9.792315999938698, 54.79773750003136 ], [ 9.841375200273514, 54.757110999772117 ], [ 9.905511300332215, 54.763297299774429 ], [ 9.899772699702211, 54.773112700053062 ], [ 9.901728599773669, 54.787754399932538 ], [ 9.906899899928744, 54.79920990005882 ], [ 9.908332199868871, 54.800296799857662 ], [ 9.95716510021062, 54.779787799955969 ], [ 9.989370400238952, 54.717637999954576 ], [ 10.036401200170669, 54.687539299983662 ], [ 10.027306100177086, 54.551315000178853 ], [ 9.961768000352786, 54.50111909993521 ], [ 9.872223000380497, 54.474977499827745 ], [ 9.870217400117594, 54.471839700166278 ], [ 9.86302349998121, 54.469954599942056 ], [ 9.854708399962302, 54.476672599814499 ], [ 9.854456000316931, 54.474352300028507 ], [ 9.842880500008604, 54.476832500035052 ], [ 9.835315600151459, 54.475160099907455 ], [ 9.832659200109621, 54.473361600249056 ], [ 9.866842099913463, 54.447599800094899 ], [ 10.117761499570715, 54.485098900250676 ], [ 10.159296100268671, 54.474613900218429 ], [ 10.199164600100765, 54.455595000037746 ], [ 10.168885599756999, 54.434541300025494 ], [ 10.193907700380604, 54.390725200159082 ], [ 10.153861399699268, 54.368984400055609 ], [ 10.15068330036126, 54.323922500075533 ], [ 10.226217900277929, 54.413977500235738 ], [ 10.331267900207566, 54.43747719983206 ], [ 10.640398800418964, 54.35222070002375 ], [ 10.704038799573819, 54.305152100223744 ], [ 10.790137500095181, 54.312325599877795 ], [ 10.931201300226638, 54.381940499871533 ], [ 11.022366499848763, 54.380479499940996 ], [ 11.023818400130093, 54.3676624999447 ], [ 11.128144499874526, 54.390391300003252 ], [ 11.072272900429725, 54.342203999995291 ], [ 11.094873600289853, 54.196920199831965 ], [ 10.871274899625439, 54.086012100085526 ], [ 10.822747400429176, 54.089340899882529 ], [ 10.81013210017948, 54.106506999941246 ], [ 10.754687999995252, 54.05437540012489 ], [ 10.783990699610145, 53.999407299926737 ], [ 10.8694834999471, 53.99089059993949 ], [ 10.884295899718676, 53.958456499769355 ], [ 11.040208599968375, 54.006789999935087 ], [ 11.179531800150849, 54.014902899791707 ], [ 11.213150999927365, 53.986076900149449 ], [ 11.260117399636364, 53.983413799745215 ], [ 11.241414300249529, 53.954164900146807 ], [ 11.267261599581333, 53.932150300188418 ], [ 11.335614299955543, 53.959175000075184 ], [ 11.460132199752071, 53.895345499854848 ], [ 11.443194100354008, 53.909121499934962 ], [ 11.481977500001571, 53.928260199895455 ], [ 11.489711000162821, 53.994002400159374 ], [ 11.534438499943132, 54.020581400120577 ], [ 11.518133100169321, 54.029995999817586 ], [ 11.564994500296351, 54.029197300145903 ], [ 11.58216900034461, 54.063595500109763 ], [ 11.625475999556036, 54.077104999844508 ], [ 11.607474000214141, 54.104144000245562 ], [ 11.532171199776739, 54.04909139996456 ], [ 11.530131399752637, 54.073873499852638 ], [ 11.514667000052905, 54.03784719974167 ], [ 11.513808299574485, 54.058191299752572 ], [ 11.525753900389979, 54.071714599780506 ], [ 11.557336700265774, 54.095431400252814 ], [ 11.683561700037787, 54.153246999743182 ], [ 11.852507600400603, 54.145203200170883 ], [ 12.011561299567084, 54.178285000085481 ], [ 12.119946000341603, 54.181921999740936 ], [ 12.199719999815709, 54.244617000217332 ], [ 12.336193000111869, 54.297258000092036 ], [ 12.51224000015065, 54.480917000150278 ], [ 12.555247999611341, 54.454001000184739 ], [ 12.918392200253358, 54.44532639992314 ], [ 12.926651999983379, 54.42844499986569 ], [ 12.800448999952682, 54.408560999866403 ], [ 12.697247999677405, 54.432321000042748 ], [ 12.670474000095096, 54.422537999927002 ], [ 12.664471000124159, 54.40856000023301 ], [ 12.645558000387998, 54.426835000132719 ], [ 12.614304999900792, 54.436121999934343 ], [ 12.644619000404671, 54.425686000006145 ], [ 12.576286999909577, 54.403265000102145 ], [ 12.597636999654112, 54.391874999843772 ], [ 12.591117000372519, 54.381801000023508 ], [ 12.43581490029281, 54.379077999864613 ], [ 12.418073999881512, 54.338231999899286 ], [ 12.384031000106773, 54.340794000116247 ], [ 12.396048999744274, 54.323543999910605 ], [ 12.357148999671125, 54.299747999813114 ], [ 12.382101000261564, 54.279060999823649 ], [ 12.363619400270942, 54.265672199813203 ], [ 12.419136500250101, 54.246258600184468 ], [ 12.460459800125257, 54.249958100078508 ], [ 12.417532400206809, 54.258738699962038 ], [ 12.417184300339288, 54.288894999992664 ], [ 12.478768200437539, 54.303958000261431 ], [ 12.472878999945072, 54.329658000212383 ], [ 12.535586999687578, 54.338501000018532 ], [ 12.553976000440363, 54.379618999942892 ], [ 12.585613000168832, 54.355896000058202 ], [ 12.705533999671006, 54.411289999739211 ], [ 12.675919999674155, 54.370490000216819 ], [ 12.700272000214955, 54.398418999908998 ], [ 12.720364000133948, 54.371513000124686 ], [ 12.744197999742596, 54.384196999744738 ], [ 12.755786999933001, 54.37015300017638 ], [ 12.786135999698661, 54.396485000074009 ], [ 12.809452999996685, 54.351626000051446 ], [ 12.792461999709818, 54.350492000052498 ], [ 12.785271000233493, 54.343945999894011 ], [ 12.810197900098236, 54.342830799919909 ], [ 12.880663899754763, 54.366065399860155 ], [ 12.919334799786023, 54.412093499869108 ], [ 13.027931699698637, 54.437277600185446 ], [ 13.023348999972269, 54.397527999852933 ], [ 13.09409680023507, 54.366076900225615 ], [ 13.075296200402233, 54.345887699886909 ], [ 13.10426200034455, 54.282566999774247 ], [ 13.176739699824704, 54.271574700005921 ], [ 13.176714099635754, 54.266452999830285 ], [ 13.159552600006286, 54.26734200008287 ], [ 13.142889500069508, 54.253365000003605 ], [ 13.185473700430268, 54.266349499966182 ], [ 13.21597929990617, 54.241069599997601 ], [ 13.289923400273004, 54.235263100152807 ], [ 13.347227199944923, 54.180511499954726 ], [ 13.329653699688505, 54.165414799766374 ], [ 13.407760699981456, 54.168430600020997 ], [ 13.38339069989728, 54.142810799781586 ], [ 13.411416899781672, 54.156555500195942 ], [ 13.464476800234957, 54.087832999773042 ], [ 13.501520700369719, 54.085307199806891 ], [ 13.492238699593065, 54.124989199955692 ], [ 13.623076199802693, 54.13974599993022 ], [ 13.643682999956479, 54.155175900072891 ], [ 13.659175899606961, 54.145154700146868 ], [ 13.644840799898645, 54.155811899839854 ], [ 13.696843800080782, 54.171934400046446 ], [ 13.717591999551892, 54.163433600013583 ], [ 13.696768399987405, 54.148811400001478 ], [ 13.749520199857795, 54.139614300208308 ], [ 13.746787099860384, 54.136817199892114 ], [ 13.747260399725702, 54.134443500050914 ], [ 13.762521799934182, 54.127643800005359 ], [ 13.752207299824471, 54.121793499739027 ], [ 13.783146700242652, 54.106823299803978 ], [ 13.799417499606628, 54.104000000106645 ], [ 13.773599199688821, 54.059611900260691 ], [ 13.785341800114731, 54.050732699747549 ], [ 13.743674200245675, 54.028799700052396 ], [ 13.91420620021011, 53.921622699959187 ], [ 13.796784199742351, 53.862518499902414 ], [ 13.815495300423434, 53.843357899768932 ], [ 13.853489999912801, 53.842086100263842 ], [ 13.970305400408545, 53.772156299809431 ], [ 14.103192200326379, 53.739739099827133 ], [ 14.179648499572343, 53.733464399955132 ], [ 14.229663599895984, 53.761310900255729 ], [ 14.265756200314526, 53.74898610025916 ], [ 14.266479300100816, 53.730270600027801 ], [ 14.214676500259513, 53.703453099870011 ], [ 14.283699800179814, 53.682585199875341 ], [ 14.283898500334127, 53.634445700005266 ], [ 14.316945500224142, 53.618063499747649 ], [ 14.305747899596284, 53.543566999900733 ], [ 14.371274400373627, 53.456439600129023 ], [ 14.42120399994683, 53.276136099837451 ], [ 14.450565099936659, 53.262252000236309 ], [ 14.377267899762161, 53.201751999774267 ], [ 14.382267999888665, 53.129397000141978 ], [ 14.331405100142618, 53.160761800228045 ], [ 14.345363800356987, 53.181162100219055 ], [ 14.266272400124564, 53.259313499924559 ], [ 14.099028100251038, 53.261469799890996 ], [ 14.17466590042419, 53.32185230010495 ], [ 14.092347800200228, 53.351258600184536 ], [ 14.098643299712569, 53.374812299848742 ], [ 14.045370800370877, 53.429631200150176 ], [ 13.906700500228515, 53.426885499909851 ], [ 13.918137800120249, 53.45541009978416 ], [ 13.87511449965533, 53.473591100058911 ], [ 13.854727599896592, 53.533368199917717 ], [ 13.786052900205428, 53.562919300153069 ], [ 13.818921800107201, 53.590607400002227 ], [ 13.776150200398382, 53.596561099951366 ], [ 13.694269000304418, 53.650973899763507 ], [ 13.795028100261419, 53.685203899795432 ], [ 13.681868199778286, 53.70857610026188 ], [ 13.655004400108595, 53.744544299757344 ], [ 13.674912900266193, 53.772419800134813 ], [ 13.622822099646482, 53.786059799868219 ], [ 13.668968999559434, 53.810532899806098 ], [ 13.643947499908753, 53.846165699940734 ], [ 13.55093299969667, 53.814353100120265 ], [ 13.539298300411122, 53.791130300235324 ], [ 13.459464999551855, 53.810636300195675 ], [ 13.434165800104118, 53.768772299845466 ], [ 13.402556499927416, 53.778528999917334 ], [ 13.366772200416058, 53.749766299943637 ], [ 13.344046400271139, 53.803906200088711 ], [ 13.376863700044673, 53.799761700117479 ], [ 13.39307869965651, 53.815491699874698 ], [ 13.365372500337562, 53.862538300162619 ], [ 13.390851999747669, 53.868426399983939 ], [ 13.373592500208915, 53.891598499867953 ], [ 13.409374199995874, 53.902448599946325 ], [ 13.311614899962683, 53.957223199771065 ], [ 13.340788800030474, 53.963552499887378 ], [ 13.342365900309572, 53.984822199826183 ], [ 13.233057300231666, 54.055957100175029 ], [ 13.157156999756046, 54.021505999859208 ], [ 13.099872000026384, 54.039483999757977 ], [ 13.022623000424247, 54.013586000193357 ], [ 12.963382000011784, 54.02828400021076 ], [ 13.018419999703832, 54.075528000045722 ], [ 12.963852000365067, 54.110260000069744 ], [ 13.035234000438669, 54.121343000230134 ], [ 13.023066999939939, 54.13596399985105 ], [ 12.898504000224568, 54.131060999955814 ], [ 12.877729000415284, 54.088786999772047 ], [ 12.810493000262339, 54.124097000233164 ], [ 12.823928999558973, 54.154664999743538 ], [ 12.798878999957576, 54.17751399996569 ], [ 12.73910299979282, 54.172333999834741 ], [ 12.723985000348099, 54.118251999813907 ], [ 12.697487000052005, 54.118653999757143 ], [ 12.747798000040332, 54.076177999780917 ], [ 12.745699099853724, 54.033290000158246 ], [ 12.715735000339512, 54.018713999750943 ], [ 12.659234999709071, 54.046501799843035 ], [ 12.616945000298784, 54.004901000113939 ], [ 12.519863000345437, 54.01080500003043 ], [ 12.559761999778051, 53.993605000171151 ], [ 12.510459000268373, 53.974243999766458 ], [ 12.513242999708091, 53.951128000066298 ], [ 12.44083799998557, 53.98584699978646 ], [ 12.345673899570528, 53.964645999882343 ], [ 12.315194600071214, 54.05410629977986 ], [ 12.268091999595459, 54.064100000151335 ], [ 12.222036000206099, 54.050964000051785 ], [ 12.165274199959125, 54.071063100096275 ], [ 12.17729600036861, 54.052329999931885 ], [ 12.116693000373505, 53.983604999989829 ], [ 12.069915999662371, 54.002207000200677 ], [ 12.072868000229894, 53.975430000120149 ], [ 11.945566000382309, 53.9587209999601 ], [ 11.925128999783515, 53.987145000051903 ], [ 11.846767000120762, 53.933418000032205 ], [ 11.79255000041128, 53.941661000151747 ], [ 11.798307000334933, 53.891318999797591 ], [ 11.761329899823002, 53.873267900214579 ], [ 11.778050899773103, 53.861052900221416 ], [ 11.706758699786878, 53.833859499850831 ], [ 11.701946999731634, 53.813345099884884 ], [ 11.615342700418912, 53.843413699867391 ], [ 11.572539799812327, 53.798901599973306 ], [ 11.54163480037796, 53.8355022000164 ], [ 11.49152230021966, 53.790332100110106 ], [ 11.473581000041507, 53.811067999980892 ], [ 11.418455700273503, 53.807141999899187 ], [ 11.426716700152747, 53.842613400206659 ], [ 11.360760100390396, 53.842628500211845 ], [ 11.36164709959688, 53.808825099993939 ], [ 11.306090499796381, 53.801094900005864 ], [ 11.320872099930142, 53.76128399991169 ], [ 11.264100400248754, 53.756613800045344 ], [ 11.26809450044478, 53.682121499983324 ], [ 11.176597100237363, 53.699419500165575 ], [ 11.170129199648967, 53.6777665999671 ], [ 11.141495499680669, 53.682950300060305 ], [ 11.154824499745493, 53.639365099818832 ], [ 11.10734859986184, 53.629729600045025 ], [ 11.101027999623868, 53.604488400243604 ], [ 11.034645499602144, 53.596661499778868 ], [ 10.999889300373891, 53.634999000047713 ], [ 10.947777300411778, 53.643017800093205 ], [ 10.922535400004433, 53.699414300011505 ], [ 10.850737600328522, 53.700256800090798 ], [ 10.80779120014353, 53.73819329977492 ], [ 10.758341699784046, 53.747646700202132 ], [ 10.767301100270789, 53.780346400148829 ], [ 10.681197600050869, 53.744517100204355 ], [ 10.694789699594427, 53.783696899888589 ], [ 10.729984900112155, 53.800854700093865 ], [ 10.699742499827996, 53.799443300191193 ], [ 10.691875699560054, 53.857985899811041 ], [ 10.593996300163282, 53.852396000118851 ], [ 10.56263689962053, 53.88584629990423 ], [ 10.583255400330911, 53.904267299909407 ], [ 10.533956899584165, 53.918750899817347 ], [ 10.653315899569851, 53.986761099978722 ], [ 10.619821400327783, 54.009737199770683 ], [ 10.637899200411692, 54.024267200205614 ], [ 10.596919599557475, 54.063900899846651 ], [ 10.59652799967064, 54.106552700183926 ], [ 10.544181899643794, 54.144183100233668 ], [ 10.585666100362763, 54.143859899772778 ], [ 10.621025999801301, 54.192079199956751 ], [ 10.659083499613853, 54.190320700228064 ], [ 10.661909600396037, 54.153157700185673 ], [ 10.711101100114348, 54.116670500027858 ], [ 10.776801099709033, 54.180079900205264 ], [ 10.710021299989991, 54.183810299887874 ], [ 10.715965499835715, 54.214193099784417 ], [ 10.67966029963044, 54.235850699849266 ], [ 10.651275800406783, 54.216122800179619 ], [ 10.606895600095079, 54.22395440000075 ], [ 10.59571359961045, 54.253518600099092 ], [ 10.544515899554641, 54.249320699977694 ], [ 10.51351109998717, 54.268349199922795 ], [ 10.465030299710916, 54.256372199894493 ], [ 10.471785900142091, 54.221045699911066 ], [ 10.405772899654645, 54.242253699766628 ], [ 10.398717899722426, 54.197190999752237 ], [ 10.279438300028092, 54.15825139993742 ], [ 10.245302100042624, 54.166257199951005 ], [ 10.232284299748414, 54.209015999813445 ], [ 10.184399099573552, 54.184727299862935 ], [ 10.175911099913566, 54.233099999906486 ], [ 10.147997500256785, 54.229411199968197 ], [ 10.145953900359062, 54.241828999909927 ], [ 10.127940799636905, 54.21341820013761 ], [ 10.096899199685474, 54.219223499904956 ], [ 10.046768600270854, 54.197704799761802 ], [ 10.033687399578831, 54.235916399803315 ] ] ], [ [ [ 11.45066399977661, 53.692715000112194 ], [ 11.486007000108017, 53.690690999757258 ], [ 11.496795000407369, 53.771604000092317 ], [ 11.60119400023372, 53.760582999737984 ], [ 11.577569999789079, 53.726831999768088 ], [ 11.5944959997786, 53.685702000212125 ], [ 11.55965559966211, 53.674348400261337 ], [ 11.57649799973635, 53.643549000184024 ], [ 11.552331999866697, 53.648167000226643 ], [ 11.507454999761871, 53.620264000133396 ], [ 11.45066399977661, 53.692715000112194 ] ] ], [ [ [ 11.377297499967792, 53.996727100088705 ], [ 11.454406000364564, 54.023042899775568 ], [ 11.495722100242716, 54.020093100030678 ], [ 11.455628600279718, 53.957518700158808 ], [ 11.445962000187212, 53.997319699972593 ], [ 11.427293600024859, 53.960668700217113 ], [ 11.387017799551359, 53.966727999895525 ], [ 11.377297499967792, 53.996727100088705 ] ] ], [ [ [ 11.088831299923534, 54.435906500085757 ], [ 11.090869700372391, 54.438202700146483 ], [ 11.090987800086165, 54.437441500143372 ], [ 11.088831299923534, 54.435906500085757 ] ] ], [ [ [ 11.00910699974251, 54.441663499959418 ], [ 11.065093599713334, 54.535415100097325 ], [ 11.163264099974562, 54.522737200234616 ], [ 11.237514600413418, 54.505376200207955 ], [ 11.312727699578154, 54.402466000116121 ], [ 11.197074899621395, 54.406714800100623 ], [ 11.211279100419794, 54.417558699899416 ], [ 11.190890999613467, 54.422206199974084 ], [ 11.177558900360923, 54.402141599909783 ], [ 11.121184800414182, 54.402021199827026 ], [ 11.094899900266409, 54.409977799939107 ], [ 11.094503799819982, 54.446130199775482 ], [ 11.022107399669675, 54.443784800040874 ], [ 11.052715199577126, 54.42649600020232 ], [ 11.00910699974251, 54.441663499959418 ] ] ], [ [ [ 12.527285999625343, 54.353386999833724 ], [ 12.529638999968197, 54.355999999999234 ], [ 12.530110000146381, 54.350544000088824 ], [ 12.527285999625343, 54.353386999833724 ] ] ], [ [ [ 12.584475999818794, 54.37579500009209 ], [ 12.583880999792033, 54.380107000189064 ], [ 12.585336000159414, 54.380528000155088 ], [ 12.584475999818794, 54.37579500009209 ] ] ], [ [ [ 12.682034999798107, 54.414747999811404 ], [ 12.695871000026164, 54.430625000042532 ], [ 12.731689999660302, 54.416335999977633 ], [ 12.682034999798107, 54.414747999811404 ] ] ], [ [ [ 12.923001899743921, 54.447692400017381 ], [ 13.03659600002131, 54.466970999870341 ], [ 13.052566000309065, 54.448263000208598 ], [ 12.925060000246958, 54.434377999778846 ], [ 12.923001899743921, 54.447692400017381 ] ] ], [ [ [ 13.764987500217623, 54.120372200004425 ], [ 13.767672700247438, 54.119469599904605 ], [ 13.767144400130528, 54.118553000214099 ], [ 13.764987500217623, 54.120372200004425 ] ] ], [ [ [ 13.751796500245039, 54.135133300027135 ], [ 13.747183999807426, 54.136766700180573 ], [ 13.75044349998492, 54.138267899859677 ], [ 13.751796500245039, 54.135133300027135 ] ] ], [ [ [ 13.405707900436889, 54.178761199789093 ], [ 13.422595400429977, 54.169959700258033 ], [ 13.421824900139407, 54.167094899891723 ], [ 13.41445639985114, 54.164232100062129 ], [ 13.412930899700285, 54.160771700219563 ], [ 13.410388800396897, 54.159895699871853 ], [ 13.405707900436889, 54.178761199789093 ] ] ], [ [ [ 13.350702000244894, 54.177128600194912 ], [ 13.34897020019238, 54.176834700007674 ], [ 13.349689999568302, 54.177569999923833 ], [ 13.350702000244894, 54.177128600194912 ] ] ], [ [ [ 13.34763099985167, 54.180801400091944 ], [ 13.36796499961997, 54.184888799753175 ], [ 13.371517600311758, 54.180481400129764 ], [ 13.34763099985167, 54.180801400091944 ] ] ], [ [ [ 13.139522699724578, 54.292187199962854 ], [ 13.185492099723918, 54.300144999929671 ], [ 13.114638999841853, 54.332142699939219 ], [ 13.12683040038031, 54.370966999846146 ], [ 13.220806399780324, 54.367532699902512 ], [ 13.262886400026639, 54.38253430014813 ], [ 13.211370699953521, 54.430453800077792 ], [ 13.150023199607139, 54.428867000029356 ], [ 13.170877400281752, 54.453847199829767 ], [ 13.199228699569147, 54.447162700144361 ], [ 13.269681200241855, 54.48010649983086 ], [ 13.228249799800384, 54.485693399996059 ], [ 13.231471199731716, 54.51113720011859 ], [ 13.170992199585189, 54.507655500113195 ], [ 13.144085199933482, 54.546736599834297 ], [ 13.244566000018832, 54.555317500031386 ], [ 13.286467099877992, 54.543306400067344 ], [ 13.305177599586148, 54.513806900060516 ], [ 13.297346200126922, 54.552052400064603 ], [ 13.3595593000131, 54.580752199912233 ], [ 13.335656899983794, 54.548812599990818 ], [ 13.361180200348807, 54.544806299888691 ], [ 13.349324800269331, 54.51767440002611 ], [ 13.387699099950005, 54.531600700087424 ], [ 13.378419600083104, 54.544525899867885 ], [ 13.354254699751328, 54.5470167001668 ], [ 13.376443199558519, 54.559908899785157 ], [ 13.413216299855929, 54.493880499739475 ], [ 13.451307700290711, 54.47182459987264 ], [ 13.505453500429079, 54.481736500014016 ], [ 13.502419899596081, 54.548521099764187 ], [ 13.395876499913935, 54.57292440010243 ], [ 13.371213599639816, 54.614494700255101 ], [ 13.33247779992252, 54.581917999940387 ], [ 13.244069099614366, 54.558984000216569 ], [ 13.281918299875489, 54.646909399806397 ], [ 13.226471500253815, 54.625009199818713 ], [ 13.228289700270327, 54.587468499978542 ], [ 13.160647700236542, 54.559009099832345 ], [ 13.218527300242693, 54.598783500091265 ], [ 13.220382800106417, 54.64057300023952 ], [ 13.251019099964582, 54.659898100066826 ], [ 13.428967599897858, 54.684959000148304 ], [ 13.430771099883103, 54.662797300110505 ], [ 13.37658410031082, 54.634506599876964 ], [ 13.417466300432016, 54.580792600243896 ], [ 13.462188100401843, 54.570068799877724 ], [ 13.635322299657142, 54.585382999908553 ], [ 13.679770300314878, 54.562336300132024 ], [ 13.668469399717559, 54.520791599888298 ], [ 13.569660400308585, 54.46126099999718 ], [ 13.611919399756703, 54.404229699961078 ], [ 13.672380700397218, 54.401135300092662 ], [ 13.766184899694105, 54.341656999997106 ], [ 13.718979399897494, 54.311672399924547 ], [ 13.724174800055001, 54.274077100013315 ], [ 13.687795399905571, 54.280499300078525 ], [ 13.709362199959102, 54.280016099984721 ], [ 13.700296500028125, 54.296191199952396 ], [ 13.646726200186626, 54.296956199893408 ], [ 13.703607000259266, 54.326452299783398 ], [ 13.610724200254346, 54.316451800213102 ], [ 13.6812634997431, 54.341154300250111 ], [ 13.650505900372101, 54.355835300062616 ], [ 13.618056999696599, 54.331017799911763 ], [ 13.577924500273847, 54.352936300242874 ], [ 13.453840299909961, 54.335777599813767 ], [ 13.465660200366072, 54.321335500113598 ], [ 13.391862899988046, 54.269655700101872 ], [ 13.386646100163853, 54.279529900055842 ], [ 13.350530999642347, 54.269706499818355 ], [ 13.358236399603189, 54.246656900080033 ], [ 13.364722899809522, 54.264219300146415 ], [ 13.417349799719442, 54.255477500213125 ], [ 13.393158099947826, 54.220677300036101 ], [ 13.291168299966772, 54.251211800062961 ], [ 13.320718100065193, 54.244911899805494 ], [ 13.336853299635372, 54.278635300084147 ], [ 13.320890899993261, 54.25782379978218 ], [ 13.270340799917324, 54.253675699996158 ], [ 13.217460900287438, 54.279469399874522 ], [ 13.199698900246748, 54.269966499778761 ], [ 13.200369199755544, 54.295017700143546 ], [ 13.143994700058496, 54.280668200103065 ], [ 13.139522699724578, 54.292187199962854 ] ], [ [ 13.548644100437567, 54.473921100190438 ], [ 13.486041599740352, 54.475885800158352 ], [ 13.470417099595718, 54.45486449985156 ], [ 13.513909500301992, 54.443080100023849 ], [ 13.482653800377339, 54.442334099752749 ], [ 13.475997400004671, 54.424592900199052 ], [ 13.531991400296819, 54.416076900133241 ], [ 13.519997100013144, 54.433851799803634 ], [ 13.557479800214765, 54.440036199903268 ], [ 13.524172100246163, 54.448241899741724 ], [ 13.548644100437567, 54.473921100190438 ] ] ], [ [ [ 13.11558760012063, 54.30588719984685 ], [ 13.124321999578173, 54.304442300132393 ], [ 13.124809100261201, 54.304286799973298 ], [ 13.125904099880147, 54.303458400232259 ], [ 13.11968760001055, 54.302826699822816 ], [ 13.11558760012063, 54.30588719984685 ] ] ], [ [ [ 13.112432600061785, 54.308127400005795 ], [ 13.127003200308376, 54.315360600213182 ], [ 13.12629189989336, 54.303630700159495 ], [ 13.124244800159278, 54.305037899744889 ], [ 13.114943299652763, 54.306410700260656 ], [ 13.112432600061785, 54.308127400005795 ] ] ], [ [ [ 13.521133800325916, 54.315671199776681 ], [ 13.530445800341475, 54.326533699749831 ], [ 13.541469000243438, 54.332219600255961 ], [ 13.542788900280309, 54.3322358001436 ], [ 13.521133800325916, 54.315671199776681 ] ] ], [ [ [ 13.209211099704842, 54.40087260010602 ], [ 13.217703099562769, 54.397942299869122 ], [ 13.207779399839307, 54.397054 ], [ 13.209211099704842, 54.40087260010602 ] ] ], [ [ [ 13.118427799961157, 54.42652079980423 ], [ 13.12297530010146, 54.42714119990633 ], [ 13.12525070037678, 54.427239799872801 ], [ 13.118427799961157, 54.42652079980423 ] ] ], [ [ [ 13.122865199885272, 54.442070800174832 ], [ 13.171959100342935, 54.492684499823035 ], [ 13.227258499901174, 54.484684900108441 ], [ 13.222025799896453, 54.464264199793924 ], [ 13.18693640025797, 54.465584700052666 ], [ 13.122865199885272, 54.442070800174832 ] ] ], [ [ [ 13.15573490018596, 54.506770400075709 ], [ 13.167028299850681, 54.511064100213311 ], [ 13.165113300074072, 54.502286999860878 ], [ 13.15573490018596, 54.506770400075709 ] ] ], [ [ [ 13.064994500386996, 54.456806000035769 ], [ 13.097828100091363, 54.590449300175202 ], [ 13.146959199784899, 54.603457999841751 ], [ 13.15727399993194, 54.578529399921081 ], [ 13.155980300158648, 54.57569680013976 ], [ 13.141255600213302, 54.599003899844426 ], [ 13.110799700030517, 54.584758400145574 ], [ 13.118997100085959, 54.574133500164351 ], [ 13.10699700027879, 54.568723699951057 ], [ 13.117086800294929, 54.537712900194045 ], [ 13.084301699734425, 54.518932399909716 ], [ 13.064994500386996, 54.456806000035769 ] ] ], [ [ [ 13.115735000183999, 54.54400150019206 ], [ 13.125302100180702, 54.544224299996593 ], [ 13.118778699877431, 54.538815499957927 ], [ 13.115735000183999, 54.54400150019206 ] ] ], [ [ [ 14.250528999867242, 53.702568899762063 ], [ 14.263297399990822, 53.710464799750788 ], [ 14.26944490026343, 53.706044899908036 ], [ 14.250528999867242, 53.702568899762063 ] ] ], [ [ [ 14.015923400129994, 54.053592399860179 ], [ 14.226387100000052, 53.928831200195823 ], [ 14.185329599939369, 53.9140916000975 ], [ 14.21387780005556, 53.865402799933761 ], [ 14.040870600123545, 53.874569500256143 ], [ 13.939404400273821, 53.843480900189249 ], [ 13.923192700174056, 53.852140200114754 ], [ 13.955007799890767, 53.861018699900363 ], [ 13.930162399680157, 53.875219600050748 ], [ 13.914523699865804, 53.843839899862324 ], [ 13.826278200088566, 53.849699599879607 ], [ 13.834613499624973, 53.8711800998583 ], [ 13.89198960020255, 53.876667999979887 ], [ 13.937149999914917, 53.908300000040285 ], [ 13.893705700398822, 53.967316200017635 ], [ 13.905309999796829, 53.989349999791877 ], [ 13.964799999731349, 53.990779000213891 ], [ 13.953512099552791, 53.934846999905069 ], [ 13.995181199608366, 53.962943899928305 ], [ 14.038802600186095, 53.940347000241125 ], [ 14.04729010038276, 54.001247799866505 ], [ 14.029486099610946, 54.017981800118349 ], [ 14.004106700371274, 54.010950699772295 ], [ 13.973878100006493, 54.064675999797707 ], [ 13.910492400433872, 54.063920400123337 ], [ 13.924202599691203, 54.035362999818993 ], [ 13.861887099947458, 53.999745700152516 ], [ 13.879607499905662, 54.040374900106002 ], [ 13.856681200280944, 54.048558500126703 ], [ 13.770192300346258, 54.018513199911574 ], [ 13.764304900077605, 54.030620000071934 ], [ 13.790473899587401, 54.04864730001254 ], [ 13.80873330039417, 54.081462099826226 ], [ 13.813593699917597, 54.107926600085626 ], [ 13.756439599996183, 54.1362361000376 ], [ 13.757419399663117, 54.167674399784502 ], [ 13.794526899621681, 54.174506699993309 ], [ 13.804148900156962, 54.172941399999594 ], [ 13.809232300161451, 54.169456000090399 ], [ 13.811647499854566, 54.169695399852081 ], [ 13.871928999996001, 54.101839599861428 ], [ 14.015923400129994, 54.053592399860179 ] ] ], [ [ [ 13.916276100084421, 54.021583400254443 ], [ 13.934171100194508, 54.02774089975037 ], [ 13.926048800195144, 54.016145900033131 ], [ 13.916276100084421, 54.021583400254443 ] ] ], [ [ [ 13.7804819997676, 54.054472400144604 ], [ 13.785254100288464, 54.054171199807413 ], [ 13.785021500410284, 54.052738900185282 ], [ 13.7804819997676, 54.054472400144604 ] ] ], [ [ [ 13.801926399872086, 54.08141809991271 ], [ 13.804751899681312, 54.083839700012746 ], [ 13.804276499554843, 54.078990299958818 ], [ 13.801926399872086, 54.08141809991271 ] ] ], [ [ [ 13.772486799702831, 54.112632399944829 ], [ 13.768865699775702, 54.126451599902637 ], [ 13.789893700203281, 54.108625299896332 ], [ 13.772486799702831, 54.112632399944829 ] ] ], [ [ [ 13.812242700205614, 54.173131200238522 ], [ 13.80894479974466, 54.169866299821827 ], [ 13.806139999814519, 54.173739999972163 ], [ 13.812242700205614, 54.173131200238522 ] ] ], [ [ [ 13.812457499966474, 54.173990699777207 ], [ 13.811479999986675, 54.17439449978783 ], [ 13.81264670043668, 54.174412599991065 ], [ 13.812457499966474, 54.173990699777207 ] ] ], [ [ [ 13.811074399856111, 54.17538399994659 ], [ 13.812074399938842, 54.174678799938683 ], [ 13.810529100020794, 54.174758800081953 ], [ 13.811074399856111, 54.17538399994659 ] ] ], [ [ [ 13.811041599670158, 54.175672699906492 ], [ 13.803991599760817, 54.178032700146524 ], [ 13.811861599827788, 54.177602700179783 ], [ 13.811041599670158, 54.175672699906492 ] ] ], [ [ [ 13.811214299885211, 54.179737599862023 ], [ 13.810548299713357, 54.178824199939754 ], [ 13.809498600337543, 54.17920680011219 ], [ 13.811214299885211, 54.179737599862023 ] ] ], [ [ [ 13.768863100051268, 54.208466000175797 ], [ 13.769727200302841, 54.200462900091622 ], [ 13.768999699670003, 54.191241499820912 ], [ 13.768863100051268, 54.208466000175797 ] ] ], [ [ [ 13.909024999722325, 54.240932700158453 ], [ 13.918986099904307, 54.251579599971073 ], [ 13.926417999692056, 54.248851999767091 ], [ 13.909024999722325, 54.240932700158453 ] ] ] ] } },
{ "type": "Feature", "properties": { "climate_region": 3 }, "geometry": { "type": "MultiPolygon", "coordinates": [ [ [ [ 7.836488000291053, 52.635242600189464 ], [ 7.782156099768529, 52.577043100254009 ], [ 7.752369800205262, 52.572669499766 ], [ 7.793398999741219, 52.531491800256823 ], [ 7.633534400350905, 52.54269529998269 ], [ 7.469261599876466, 52.511455800236625 ], [ 7.417714200053574, 52.490924399853519 ], [ 7.421242399807305, 52.433093100180017 ], [ 7.377309699745982, 52.420123200216551 ], [ 7.295581499812894, 52.481980499864711 ], [ 7.275379900039364, 52.46729989978779 ], [ 7.258069500160009, 52.507067199782426 ], [ 7.285612100095994, 52.515922000134204 ], [ 7.256269199973826, 52.542118899991678 ], [ 7.198760499975461, 52.538025300230949 ], [ 7.109730499663957, 52.602066999801593 ], [ 7.108976600239882, 52.588906499998664 ], [ 7.045408300119461, 52.597108500053373 ], [ 7.033114199686104, 52.618135199949741 ], [ 6.995553900315314, 52.606194500107996 ], [ 7.005325400276813, 52.638493899957503 ], [ 7.055728700363942, 52.643419799911143 ], [ 7.087258000174666, 52.849887200079792 ], [ 7.217445400392966, 53.00703719989027 ], [ 7.202732199781565, 53.112861199838669 ], [ 7.264018199666995, 53.124868500148999 ], [ 7.313631400020681, 53.221119899964741 ], [ 7.407425200419834, 53.232633599765059 ], [ 7.396708500302938, 53.289487299820699 ], [ 7.298875900437521, 53.320204699891327 ], [ 7.312324099754034, 53.36499540008316 ], [ 7.279287199622751, 53.379182700123913 ], [ 7.285223000220582, 53.429322000148879 ], [ 7.240753800220446, 53.459424799900056 ], [ 7.191147400113419, 53.455788099784208 ], [ 7.182533700094085, 53.486277800013433 ], [ 7.211994099855433, 53.498935099991115 ], [ 7.186979800201722, 53.520061699808906 ], [ 7.216838300059334, 53.556146399780268 ], [ 7.326368599857807, 53.556618099843064 ], [ 7.346569199806433, 53.536951499809774 ], [ 7.413509199683354, 53.526503699919168 ], [ 7.412426400084287, 53.502507799932928 ], [ 7.441391599952009, 53.513573099995291 ], [ 7.441660799889831, 53.541391599989318 ], [ 7.650485800205093, 53.561195600145673 ], [ 7.677077699601188, 53.462887899991351 ], [ 7.73667520002743, 53.472414400256817 ], [ 7.735102099946274, 53.44051199993774 ], [ 7.780862700032566, 53.443387199934449 ], [ 7.770020599593551, 53.407644900024884 ], [ 7.813969700197015, 53.40847520013898 ], [ 7.8360824998735, 53.36216489991218 ], [ 7.87144180013574, 53.376033600249791 ], [ 7.885429100013832, 53.35189890022292 ], [ 7.961376200020769, 53.330254500227447 ], [ 7.970561599565053, 53.304556299933544 ], [ 8.030447699945965, 53.310350900168032 ], [ 8.067603199585104, 53.249962000161034 ], [ 8.046174500235157, 53.212380600161687 ], [ 8.161500399666728, 53.176942500004202 ], [ 8.203390000191943, 53.204761699761924 ], [ 8.315731900167251, 53.196958900142548 ], [ 8.26990749993287, 53.285591799861287 ], [ 8.274555800031177, 53.301113000089764 ], [ 8.319418499855011, 53.301158699798279 ], [ 8.292159700175137, 53.353626500058141 ], [ 8.364026999809621, 53.384891299805638 ], [ 8.405668599739419, 53.392146799885019 ], [ 8.424567399805859, 53.369901200161038 ], [ 8.491677500173401, 53.36779350005088 ], [ 8.521994500152021, 53.28464670004454 ], [ 8.564012499575732, 53.29757039992635 ], [ 8.661102499924999, 53.28189929999462 ], [ 8.771483100055663, 53.321599299772458 ], [ 8.735562400351528, 53.358449000247738 ], [ 8.775582599583966, 53.379456300205625 ], [ 8.700199799678952, 53.381331799943489 ], [ 8.670473900140427, 53.439505099806297 ], [ 8.733036999830951, 53.478007099733809 ], [ 8.892354899810707, 53.511079700254967 ], [ 8.704183500078916, 53.571089799809329 ], [ 8.713780699925829, 53.606125599953614 ], [ 8.684540000235208, 53.63036189980744 ], [ 8.7508586003958, 53.631245900013298 ], [ 8.727598099637586, 53.638356300136223 ], [ 8.761893700280346, 53.691016699994343 ], [ 8.948794600129384, 53.637847199845027 ], [ 8.967637799869642, 53.594388099735617 ], [ 8.990579399600289, 53.604995000250071 ], [ 8.976767900023336, 53.627271599836753 ], [ 9.03483349980227, 53.627586799751526 ], [ 9.077248600395674, 53.674544200190198 ], [ 9.158277399896297, 53.67512570012682 ], [ 9.176479599579022, 53.643613099941824 ], [ 9.218896099747605, 53.66434609983947 ], [ 9.22082520037922, 53.693005199870449 ], [ 9.311277000223514, 53.696000100089378 ], [ 9.430547499984018, 53.623202399896307 ], [ 9.385864200010626, 53.594852300149171 ], [ 9.438576599772654, 53.59414340005597 ], [ 9.467399899961469, 53.565462100136671 ], [ 9.510797399946176, 53.587292899996797 ], [ 9.567894800003494, 53.566669599973224 ], [ 9.574914000275017, 53.543997399917117 ], [ 9.496287799798989, 53.543825300219765 ], [ 9.525265700048209, 53.521895499912965 ], [ 9.509241199870482, 53.503115199818858 ], [ 9.55374669989293, 53.490308999802316 ], [ 9.52700069989975, 53.473174799825436 ], [ 9.555951400060454, 53.45709650024471 ], [ 9.598464699989101, 53.471562300038485 ], [ 9.68367110034551, 53.41152240024946 ], [ 9.783244799623226, 53.440489700145392 ], [ 9.771205599745025, 53.480309099840703 ], [ 9.738457100142458, 53.490786299766739 ], [ 9.768850700363675, 53.505303199838089 ], [ 9.781995199943875, 53.492318499743327 ], [ 9.942616799742643, 53.502186199988309 ], [ 9.929860700250286, 53.54185739991091 ], [ 9.864256399979419, 53.54422540021929 ], [ 9.868154799953297, 53.609298600013517 ], [ 9.770548599793992, 53.616031199926468 ], [ 9.777834599704892, 53.659769800260193 ], [ 9.744990300167165, 53.6847718001654 ], [ 9.7813905996217, 53.707697899755331 ], [ 9.664183999887692, 53.740778199800488 ], [ 9.746607500342263, 53.792624400060852 ], [ 9.649298600321183, 53.781218100076302 ], [ 9.676613900439166, 53.851044900086364 ], [ 9.645225399871105, 53.88825390015468 ], [ 9.59581829999302, 53.891408600175417 ], [ 9.574594400358178, 53.912049400046321 ], [ 9.621712999829137, 53.927493599738874 ], [ 9.541728400218133, 53.958148699866094 ], [ 9.588883899786032, 54.010950699772295 ], [ 9.563156399780508, 54.041499500153108 ], [ 9.605074200219107, 54.048817900129109 ], [ 9.607845999638977, 54.067519200024499 ], [ 9.555789999753355, 54.091515499778538 ], [ 9.542200100183923, 54.149336499968449 ], [ 9.525740400387036, 54.155304800142673 ], [ 9.505966399587059, 54.124875899993476 ], [ 9.463732199928977, 54.125945200239137 ], [ 9.437732600223869, 54.20072759977041 ], [ 9.370582600284681, 54.202816399822886 ], [ 9.33518060040204, 54.241128600063952 ], [ 9.355394700232749, 54.260051399888738 ], [ 9.39230820002258, 54.252120600086705 ], [ 9.403332200323458, 54.281564299883769 ], [ 9.375836399918791, 54.294129800175796 ], [ 9.361439900360832, 54.279710399917235 ], [ 9.287597700388249, 54.275262600074292 ], [ 9.259993299953946, 54.344060799844797 ], [ 9.22042060007356, 54.346517299942313 ], [ 9.22550110031635, 54.322515100015288 ], [ 9.190533699978243, 54.31574069999872 ], [ 9.171484000012075, 54.344070199756345 ], [ 9.204358100261013, 54.381638200075422 ], [ 9.137719000071689, 54.384810600043508 ], [ 9.112169699767351, 54.403851199753461 ], [ 9.141362900139049, 54.417587000243003 ], [ 9.113823400289078, 54.447428600027479 ], [ 9.130079999983369, 54.474598999822554 ], [ 9.172493300352924, 54.486244400251593 ], [ 9.129772399762089, 54.553734700051031 ], [ 9.105676700249953, 54.548345000034736 ], [ 9.093590600229092, 54.551981900195727 ], [ 9.115433100429842, 54.566198400198779 ], [ 9.099092200134336, 54.585864599895643 ], [ 9.119733400373606, 54.620447399926313 ], [ 9.193511599873748, 54.6585981000121 ], [ 9.172118599573187, 54.699262499869761 ], [ 9.062179100094815, 54.700683799840768 ], [ 9.07823210022322, 54.756094699943937 ], [ 9.120245699698682, 54.788250900107961 ], [ 9.099126600219819, 54.815008699847105 ], [ 9.024960500095158, 54.814572199819615 ], [ 8.988112599778967, 54.795961900050372 ], [ 8.951017599877547, 54.829804299748254 ], [ 8.973087600220655, 54.896746300257945 ], [ 9.047807599752877, 54.872021700137097 ], [ 9.142993300158894, 54.87302460009883 ], [ 9.240099499827686, 54.850027199805297 ], [ 9.250081200175773, 54.809638099888247 ], [ 9.294939200014024, 54.801674799971643 ], [ 9.343714000018133, 54.8002468002095 ], [ 9.411189899759274, 54.842159900150463 ], [ 9.409322400199953, 54.798536200109204 ], [ 9.35735790001422, 54.779417099743924 ], [ 9.378565600329571, 54.753140599914595 ], [ 9.451971999710034, 54.751985600200364 ], [ 9.483385900142727, 54.718409400017869 ], [ 9.462792800195338, 54.688717100232886 ], [ 9.505533000191715, 54.669352800252021 ], [ 9.59480459970392, 54.714654999980851 ], [ 9.460007599708069, 54.761865500011055 ], [ 9.506138000264199, 54.77302040020232 ], [ 9.506612500278742, 54.791087100175936 ], [ 9.61078589989963, 54.796559700064194 ], [ 9.626862499668885, 54.747980500033101 ], [ 9.595266899698583, 54.714873899833471 ], [ 9.680938700135668, 54.687597100082534 ], [ 9.819201999673957, 54.689656599831039 ], [ 9.828230800406327, 54.649138299824955 ], [ 9.892686900132144, 54.614282899942097 ], [ 9.714063799556468, 54.518827899815747 ], [ 9.673164100253551, 54.515337700039218 ], [ 9.674757399852172, 54.492807699924796 ], [ 9.630954599774197, 54.471887800048215 ], [ 9.692837399910204, 54.360537500033843 ], [ 9.717728700438538, 54.381680100260034 ], [ 9.745588299668668, 54.370727799759649 ], [ 9.820132100047775, 54.390373900136829 ], [ 9.855393299789423, 54.382790999860333 ], [ 9.870848000379063, 54.359605199949243 ], [ 9.964205400111503, 54.342169999886828 ], [ 9.95287450027528, 54.286294300129057 ], [ 10.00707379958042, 54.266699700013561 ], [ 9.997608299940669, 54.24589649987761 ], [ 10.037925500172335, 54.234386500054477 ], [ 10.046768600270854, 54.197704799761802 ], [ 10.096899199685474, 54.219223499904956 ], [ 10.127940799636905, 54.21341820013761 ], [ 10.145953900359062, 54.241828999909927 ], [ 10.187040500445088, 54.223202400230846 ], [ 10.184399099573552, 54.184727299862935 ], [ 10.232284299748414, 54.209015999813445 ], [ 10.245302100042624, 54.166257199951005 ], [ 10.277938300353176, 54.158437299921445 ], [ 10.398717899722426, 54.197190999752237 ], [ 10.405772899654645, 54.242253699766628 ], [ 10.471785900142091, 54.221045699911066 ], [ 10.465030299710916, 54.256372199894493 ], [ 10.510923500116299, 54.267907399857208 ], [ 10.544515899554641, 54.249320699977694 ], [ 10.59571359961045, 54.253518600099092 ], [ 10.606895600095079, 54.22395440000075 ], [ 10.651275800406783, 54.216122800179619 ], [ 10.67966029963044, 54.235850699849266 ], [ 10.715965499835715, 54.214193099784417 ], [ 10.710021299989991, 54.183810299887874 ], [ 10.776801099709033, 54.176793300256243 ], [ 10.711101100114348, 54.116670500027858 ], [ 10.661909600396037, 54.153157700185673 ], [ 10.659083499613853, 54.190320700228064 ], [ 10.621025999801301, 54.192079199956751 ], [ 10.585666100362763, 54.143859899772778 ], [ 10.544181899643794, 54.144183100233668 ], [ 10.59652799967064, 54.106552700183926 ], [ 10.596919599557475, 54.063900899846651 ], [ 10.637899200411692, 54.024267200205614 ], [ 10.619821400327783, 54.009737199770683 ], [ 10.653315899569851, 53.986761099978722 ], [ 10.533956899584165, 53.918750899817347 ], [ 10.583255400330911, 53.904267299909407 ], [ 10.56263689962053, 53.88584629990423 ], [ 10.593996300163282, 53.852396000118851 ], [ 10.691875699560054, 53.857985899811041 ], [ 10.699742499827996, 53.799443300191193 ], [ 10.729984900112155, 53.800854700093865 ], [ 10.694789699594427, 53.783696899888589 ], [ 10.681197600050869, 53.744517100204355 ], [ 10.767301100270789, 53.780346400148829 ], [ 10.758341699784046, 53.747646700202132 ], [ 10.80779120014353, 53.73819329977492 ], [ 10.850737600328522, 53.700256800090798 ], [ 10.922535400004433, 53.699414300011505 ], [ 10.947777300411778, 53.643017800093205 ], [ 10.999889300373891, 53.634999000047713 ], [ 11.034645499602144, 53.596661499778868 ], [ 11.101027999623868, 53.604488400243604 ], [ 11.10734859986184, 53.629729600045025 ], [ 11.154824499745493, 53.639365099818832 ], [ 11.141495499680669, 53.682950300060305 ], [ 11.170129199648967, 53.6777665999671 ], [ 11.176597100237363, 53.699419500165575 ], [ 11.238811400272761, 53.658950400212689 ], [ 11.23901379968942, 53.634429100199462 ], [ 11.261868400279738, 53.635889000051982 ], [ 11.242130299751794, 53.617307499747383 ], [ 11.282288100224498, 53.588135999956435 ], [ 11.317219700003548, 53.621325000111227 ], [ 11.293465699862548, 53.620713700148983 ], [ 11.307191699587394, 53.634464500149697 ], [ 11.280188099601645, 53.649228600033553 ], [ 11.359932600198466, 53.624143800265202 ], [ 11.324114799815186, 53.553032299799725 ], [ 11.255991900168768, 53.557244099793209 ], [ 11.233973199916607, 53.522467600254821 ], [ 11.321749700063794, 53.523257400174813 ], [ 11.363494299925721, 53.491847399972706 ], [ 11.403792100140537, 53.492302800171728 ], [ 11.318444100142555, 53.420975999899582 ], [ 11.398705500336987, 53.421877799832465 ], [ 11.433826800049532, 53.396212299850902 ], [ 11.422778399708891, 53.377225900008177 ], [ 11.380426899837653, 53.369458400174373 ], [ 11.356382000054811, 53.333482899947704 ], [ 11.307888800332723, 53.344337099889685 ], [ 11.267088999977588, 53.314270499758251 ], [ 11.232078599981815, 53.314711299860981 ], [ 11.221142499831457, 53.289305699777003 ], [ 11.172770499909193, 53.295135599811985 ], [ 11.145370099689378, 53.238737000097146 ], [ 11.106094099872623, 53.244750700180887 ], [ 11.096760700190343, 53.239839800109401 ], [ 11.090634000408128, 53.21380749985633 ], [ 11.192420700286617, 53.182218899802621 ], [ 11.179925900049142, 53.158820000238357 ], [ 11.136587800264273, 53.167811700010127 ], [ 11.084681299804869, 53.140184299758999 ], [ 10.971682499591539, 53.198046099968622 ], [ 10.909708199755642, 53.197022699957728 ], [ 10.906559600193217, 53.161758699867214 ], [ 11.023059600396119, 53.123010000031819 ], [ 10.95660659969259, 53.090796599741076 ], [ 10.881523999687531, 53.100705099901646 ], [ 10.833799899782438, 53.076960199846198 ], [ 10.892634399952442, 52.998257000147369 ], [ 10.841406600046389, 52.979785799765168 ], [ 10.873537899556592, 52.963756799890746 ], [ 10.862780600080375, 52.929220400163857 ], [ 10.80458749971821, 52.897403799857997 ], [ 10.827071300013788, 52.881439800223276 ], [ 10.803719100129697, 52.866936300075082 ], [ 10.841470700231808, 52.852218700181126 ], [ 10.764734299992044, 52.842024299955789 ], [ 10.757044800211725, 52.819104099828479 ], [ 10.796838199987743, 52.714034999803246 ], [ 10.829254100152975, 52.716633900058397 ], [ 10.902403300189508, 52.635266300071521 ], [ 10.815571100085824, 52.611852100182503 ], [ 10.827924700431998, 52.599696899780248 ], [ 10.88621750031599, 52.610384899842053 ], [ 10.913835200308087, 52.592443700019217 ], [ 10.854058300031404, 52.513462300006623 ], [ 10.949656699953682, 52.495887100118495 ], [ 10.903113200130983, 52.456203799746739 ], [ 10.923937600094384, 52.460611400096404 ], [ 10.936061800361372, 52.434220000030002 ], [ 10.899732599866644, 52.404502799850242 ], [ 10.968056500252841, 52.369679500215071 ], [ 10.946659199717008, 52.334935499959968 ], [ 10.877372599993656, 52.318275099946014 ], [ 10.884985399818399, 52.28519630011327 ], [ 10.93809380031384, 52.286624000113143 ], [ 10.986578299852408, 52.257379000195982 ], [ 11.042396899593758, 52.272157300271978 ], [ 11.086210200079105, 52.228646100148971 ], [ 11.026121400244202, 52.210113200220349 ], [ 10.97823580031903, 52.167744800275464 ], [ 10.999854000176484, 52.150479100182288 ], [ 11.020240800222279, 52.161682999956113 ], [ 11.026458500241064, 52.128702100269038 ], [ 10.939638299832975, 52.095545799802345 ], [ 10.970179900192187, 52.086287600065909 ], [ 10.968130400159696, 52.053364200264298 ], [ 11.083768200047821, 52.026865700203963 ], [ 11.10216580037282, 51.975777899849824 ], [ 11.05970020008745, 51.973629000246198 ], [ 11.053132500264251, 51.954331500200126 ], [ 11.139528800062839, 51.949669000152689 ], [ 11.173668199847334, 51.913959000079025 ], [ 11.086383699794744, 51.892381799990886 ], [ 11.05657409972963, 51.830969999852634 ], [ 10.927105400247669, 51.830369599791098 ], [ 10.921264600084417, 51.845873400214494 ], [ 10.840451099807908, 51.791309999760031 ], [ 10.689803299674319, 51.782705900167905 ], [ 10.643790099618336, 51.790245999892363 ], [ 10.634029799851813, 51.819937099931188 ], [ 10.576238499746523, 51.843147000137655 ], [ 10.633027200044681, 51.872877299967733 ], [ 10.645357599602018, 51.910422300217157 ], [ 10.627070699567767, 51.917234800060804 ], [ 10.607945199757884, 51.895966399881281 ], [ 10.610739599891994, 51.914288000171716 ], [ 10.575498899705112, 51.926326299881858 ], [ 10.462628899937215, 51.937521899925358 ], [ 10.463087000307947, 51.967413399894077 ], [ 10.406997400404926, 51.95586580013493 ], [ 10.346508899675962, 51.987934100079244 ], [ 10.181025899630534, 51.925646300260006 ], [ 10.201598599736135, 52.032516000076512 ], [ 10.141639000096973, 52.060213900134819 ], [ 10.062732599812499, 52.057340399760434 ], [ 10.016678200322634, 52.011292900174233 ], [ 9.974189199822407, 52.026292100009513 ], [ 9.898307899613396, 51.965694100145747 ], [ 9.906490899674832, 52.003479699771887 ], [ 9.874318600156771, 52.000621099877144 ], [ 9.891026100224755, 52.015359099811668 ], [ 9.886394100057283, 52.017967500244822 ], [ 9.781961399933019, 52.020395599958491 ], [ 9.718444900265126, 52.062671400052096 ], [ 9.714773700396275, 52.032395599872373 ], [ 9.669312400098049, 52.054825199874536 ], [ 9.64632230032521, 51.96415789986407 ], [ 9.521654000092207, 52.089538700020974 ], [ 9.534309499950847, 52.105721199807867 ], [ 9.601179099757269, 52.100826899882072 ], [ 9.574079699836359, 52.143261100112113 ], [ 9.595768200051332, 52.144035800183254 ], [ 9.556852500121943, 52.167260800155297 ], [ 9.496483699904582, 52.166872699801175 ], [ 9.491640999887201, 52.208622099878077 ], [ 9.516280199909165, 52.212188700016746 ], [ 9.472271199642543, 52.264771299873154 ], [ 9.4483517998948, 52.27415770025312 ], [ 9.32455250022327, 52.21242849980576 ], [ 9.310542700242276, 52.27831239997677 ], [ 9.134548999944245, 52.242360499809422 ], [ 9.10737859987821, 52.217809599873853 ], [ 8.971702399849177, 52.263828999856422 ], [ 8.998379100208105, 52.326327599839324 ], [ 9.125273399663978, 52.369921699778139 ], [ 9.16117470024956, 52.403541200172249 ], [ 9.094729999979245, 52.44312319994777 ], [ 9.13861220034857, 52.475459300086783 ], [ 9.09961180006769, 52.497265100269964 ], [ 9.052937800187051, 52.500280299745739 ], [ 8.936710300332342, 52.401862099851478 ], [ 8.746552100279935, 52.387892899939835 ], [ 8.705554700206696, 52.395372999920248 ], [ 8.701978799911423, 52.503270599744567 ], [ 8.653145600430674, 52.531037400011989 ], [ 8.557158099734655, 52.499068600073414 ], [ 8.454307000449083, 52.53238560006659 ], [ 8.354655299556928, 52.540925299906931 ], [ 8.305846100365633, 52.606746999892785 ], [ 8.241621100331475, 52.604181700169981 ], [ 8.247691400286893, 52.6215323998697 ], [ 8.193396999935901, 52.638463000035301 ], [ 8.041240799981173, 52.588437100101586 ], [ 8.036887900084229, 52.532361200218318 ], [ 7.998044500162201, 52.540268399754488 ], [ 7.938598600321655, 52.518345500219866 ], [ 7.884910700229667, 52.561100999955706 ], [ 7.925776300382731, 52.599125199970821 ], [ 7.851019000104962, 52.58915310005429 ], [ 7.836488000291053, 52.635242600189464 ] ], [ [ 8.385243599734483, 52.549433700184395 ], [ 8.383223100014289, 52.545345499828152 ], [ 8.385754000021063, 52.545283700107504 ], [ 8.385243599734483, 52.549433700184395 ] ], [ [ 9.873283200163652, 53.563608499803451 ], [ 9.871206599755658, 53.564463699844218 ], [ 9.870796100213523, 53.563602899805105 ], [ 9.873283200163652, 53.563608499803451 ] ] ], [ [ [ 9.152269900264066, 53.739039100237505 ], [ 9.26202809995517, 53.76838459981122 ], [ 9.298563700064534, 53.729715800043152 ], [ 9.195533299743165, 53.691263300025128 ], [ 9.15955180026398, 53.703169500200637 ], [ 9.152269900264066, 53.739039100237505 ] ] ], [ [ [ 9.8950548996453, 51.963025400166543 ], [ 9.888671899732715, 51.966088999963681 ], [ 9.897699600028872, 51.96521330005254 ], [ 9.8950548996453, 51.963025400166543 ] ] ], [ [ [ 10.611463700401487, 51.889651900108099 ], [ 10.620534299744001, 51.899286599882757 ], [ 10.6230184999324, 51.891853899851704 ], [ 10.611463700401487, 51.889651900108099 ] ] ], [ [ [ 10.898792900095708, 52.288400700130282 ], [ 10.892025600006303, 52.292199099797763 ], [ 10.899753700394365, 52.291146799823714 ], [ 10.898792900095708, 52.288400700130282 ] ] ] ] } },
{ "type": "Feature", "properties": { "climate_region": 4 }, "geometry": { "type": "MultiPolygon", "coordinates": [ [ [ [ 11.46848660016636, 51.192671799978363 ], [ 11.393259700183915, 51.155402199770393 ], [ 11.325280600153269, 51.180798300009208 ], [ 11.293702599976033, 51.128920299866522 ], [ 11.254397299809616, 51.135347199965821 ], [ 11.203015100167477, 51.165475800072308 ], [ 11.157248999696725, 51.284480800150327 ], [ 11.097088599642101, 51.29587749979985 ], [ 11.106684000163495, 51.310953899742728 ], [ 11.054390299765506, 51.343841900211324 ], [ 11.089689700364623, 51.402980299755825 ], [ 11.122698800332797, 51.412466199977921 ], [ 10.978075900198451, 51.426804100258543 ], [ 11.028510699711035, 51.461656900227517 ], [ 11.136029800047426, 51.441429300094995 ], [ 11.147870100345324, 51.469294600260021 ], [ 11.227974299856623, 51.486442500149771 ], [ 11.259859399893521, 51.429700200184193 ], [ 11.328226099613095, 51.415124100089173 ], [ 11.342235199806481, 51.459682099923597 ], [ 11.385665299652855, 51.486306600072247 ], [ 11.379267700320277, 51.53229890012156 ], [ 11.403804200447407, 51.541926800055904 ], [ 11.438739900137444, 51.528189600095153 ], [ 11.446718699660039, 51.583451399943932 ], [ 11.482044299624436, 51.582355800152072 ], [ 11.515190699897243, 51.620231199933038 ], [ 11.478060000048142, 51.63495370018682 ], [ 11.346885699878914, 51.610612400109652 ], [ 11.351565299976688, 51.64866549974294 ], [ 11.306604000168976, 51.659436500053943 ], [ 11.357351799675993, 51.689956499873333 ], [ 11.316121000223957, 51.713211400121118 ], [ 11.296773900406551, 51.685097999917083 ], [ 11.205867100277612, 51.670438499759342 ], [ 11.207166599574364, 51.687896500073833 ], [ 11.247492100239244, 51.691328399970892 ], [ 11.311218399645119, 51.740337699876598 ], [ 11.270231899729529, 51.795477899777765 ], [ 11.216965299624345, 51.756090100042918 ], [ 11.156614899598898, 51.757278700045482 ], [ 11.15091319996413, 51.742733200104588 ], [ 11.110553300112064, 51.75049869975615 ], [ 11.102421799567562, 51.785105500244299 ], [ 11.05527769962063, 51.791066100203494 ], [ 11.088524400388158, 51.796724700049829 ], [ 11.097497500183003, 51.820030800007565 ], [ 11.05755759955721, 51.838817500151414 ], [ 11.086383699794744, 51.892381799990886 ], [ 11.174838000383357, 51.916968700093037 ], [ 11.130291999816338, 51.952556799884881 ], [ 11.053132500264251, 51.954331500200126 ], [ 11.05970020008745, 51.973629000246198 ], [ 11.10216580037282, 51.975777899849824 ], [ 11.083768200047821, 52.026865700203963 ], [ 10.968130400159696, 52.053364200264298 ], [ 10.970179900192187, 52.086287600065909 ], [ 10.939638299832975, 52.095545799802345 ], [ 11.026458500241064, 52.128702100269038 ], [ 11.02635759967175, 52.149655099807973 ], [ 11.020240800222279, 52.161682999956113 ], [ 10.999854000176484, 52.150479100182288 ], [ 10.97823580031903, 52.167744800275464 ], [ 11.026121400244202, 52.210113200220349 ], [ 11.086210200079105, 52.228646100148971 ], [ 11.042396899593758, 52.272157300271978 ], [ 10.986578299852408, 52.257379000195982 ], [ 10.93809380031384, 52.286624000113143 ], [ 10.884985399818399, 52.28519630011327 ], [ 10.877372599993656, 52.318275099946014 ], [ 10.946659199717008, 52.334935499959968 ], [ 10.968056500252841, 52.369679500215071 ], [ 10.899732599866644, 52.404502799850242 ], [ 10.936061800361372, 52.434220000030002 ], [ 10.923937600094384, 52.460611400096404 ], [ 10.903113200130983, 52.456203799746739 ], [ 10.949656699953682, 52.495887100118495 ], [ 10.854058300031404, 52.513462300006623 ], [ 10.913835200308087, 52.592443700019217 ], [ 10.88621750031599, 52.610384899842053 ], [ 10.827924700431998, 52.599696899780248 ], [ 10.815571100085824, 52.611852100182503 ], [ 10.902403300189508, 52.635266300071521 ], [ 10.829254100152975, 52.716633900058397 ], [ 10.796838199987743, 52.714034999803246 ], [ 10.755273800375173, 52.785896099860452 ], [ 10.764734299992044, 52.842024299955789 ], [ 10.841470700231808, 52.852218700181126 ], [ 10.803719100129697, 52.866936300075082 ], [ 10.827071300013788, 52.881439800223276 ], [ 10.80458749971821, 52.897403799857997 ], [ 10.862780600080375, 52.929220400163857 ], [ 10.873537899556592, 52.963756799890746 ], [ 10.841406600046389, 52.979785799765168 ], [ 10.892634399952442, 52.998257000147369 ], [ 10.833799899782438, 53.076960199846198 ], [ 10.881523999687531, 53.100705099901646 ], [ 10.95660659969259, 53.090796599741076 ], [ 10.997669999888075, 53.123761999890284 ], [ 11.019715399867101, 53.116933199960499 ], [ 11.014544900110939, 53.133774500196267 ], [ 10.906559600193217, 53.161758699867214 ], [ 10.916026600019489, 53.200798899851186 ], [ 10.979186799997921, 53.195454299865318 ], [ 11.084681299804869, 53.140184299758999 ], [ 11.136587800264273, 53.167811700010127 ], [ 11.179925900049142, 53.158820000238357 ], [ 11.192420700286617, 53.182218899802621 ], [ 11.090634000408128, 53.21380749985633 ], [ 11.096760700190343, 53.239839800109401 ], [ 11.145370099689378, 53.238737000097146 ], [ 11.172770499909193, 53.295135599811985 ], [ 11.221142499831457, 53.289305699777003 ], [ 11.232078599981815, 53.314711299860981 ], [ 11.267088999977588, 53.314270499758251 ], [ 11.307888800332723, 53.344337099889685 ], [ 11.356382000054811, 53.333482899947704 ], [ 11.380426899837653, 53.369458400174373 ], [ 11.422778399708891, 53.377225900008177 ], [ 11.433826800049532, 53.396212299850902 ], [ 11.398705500336987, 53.421877799832465 ], [ 11.318444100142555, 53.420975999899582 ], [ 11.403792100140537, 53.492302800171728 ], [ 11.363494299925721, 53.491847399972706 ], [ 11.321749700063794, 53.523257400174813 ], [ 11.233973199916607, 53.522467600254821 ], [ 11.255991900168768, 53.557244099793209 ], [ 11.324114799815186, 53.553032299799725 ], [ 11.359932600198466, 53.624143800265202 ], [ 11.280188099601645, 53.649228600033553 ], [ 11.307191699587394, 53.634464500149697 ], [ 11.293465699862548, 53.620713700148983 ], [ 11.317219700003548, 53.621325000111227 ], [ 11.282288100224498, 53.588135999956435 ], [ 11.208960899912732, 53.675099599736008 ], [ 11.222157499982789, 53.693190200068479 ], [ 11.26809450044478, 53.682121499983324 ], [ 11.264100400248754, 53.756613800045344 ], [ 11.320872099930142, 53.76128399991169 ], [ 11.306090499796381, 53.801094900005864 ], [ 11.36164709959688, 53.808825099993939 ], [ 11.360760100390396, 53.842628500211845 ], [ 11.426716700152747, 53.842613400206659 ], [ 11.418455700273503, 53.807141999899187 ], [ 11.473581000041507, 53.811067999980892 ], [ 11.49152230021966, 53.790332100110106 ], [ 11.54163480037796, 53.8355022000164 ], [ 11.572539799812327, 53.798901599973306 ], [ 11.615342700418912, 53.843413699867391 ], [ 11.701946999731634, 53.813345099884884 ], [ 11.706758699786878, 53.833859499850831 ], [ 11.778050899773103, 53.861052900221416 ], [ 11.761329899823002, 53.873267900214579 ], [ 11.798307000334933, 53.891318999797591 ], [ 11.79255000041128, 53.941661000151747 ], [ 11.846767000120762, 53.933418000032205 ], [ 11.925128999783515, 53.987145000051903 ], [ 11.945566000382309, 53.9587209999601 ], [ 12.072868000229894, 53.975430000120149 ], [ 12.069915999662371, 54.002207000200677 ], [ 12.116693000373505, 53.983604999989829 ], [ 12.17729600036861, 54.052329999931885 ], [ 12.158433399713173, 54.068403499919015 ], [ 12.165274199959125, 54.071063100096275 ], [ 12.222036000206099, 54.050964000051785 ], [ 12.268091999595459, 54.064100000151335 ], [ 12.315194600071214, 54.05410629977986 ], [ 12.345673899570528, 53.964645999882343 ], [ 12.44083799998557, 53.98584699978646 ], [ 12.513242999708091, 53.951128000066298 ], [ 12.510459000268373, 53.974243999766458 ], [ 12.559761999778051, 53.993605000171151 ], [ 12.523476000163637, 54.005402999801071 ], [ 12.519863000345437, 54.01080500003043 ], [ 12.616945000298784, 54.004901000113939 ], [ 12.659234999709071, 54.046501799843035 ], [ 12.715735000339512, 54.018713999750943 ], [ 12.745699099853724, 54.033290000158246 ], [ 12.747798000040332, 54.076177999780917 ], [ 12.697487000052005, 54.118653999757143 ], [ 12.723985000348099, 54.118251999813907 ], [ 12.73910299979282, 54.172333999834741 ], [ 12.798878999957576, 54.17751399996569 ], [ 12.823928999558973, 54.154664999743538 ], [ 12.810493000262339, 54.124097000233164 ], [ 12.877729000415284, 54.088786999772047 ], [ 12.898504000224568, 54.131060999955814 ], [ 12.968991999622343, 54.128905000083407 ], [ 12.977767000235801, 54.141102999867158 ], [ 13.035493999831353, 54.128355999918043 ], [ 12.963852000365067, 54.110260000069744 ], [ 13.018419999703832, 54.075528000045722 ], [ 12.961798999597884, 54.033368000128689 ], [ 12.994790000309706, 54.017345999756202 ], [ 13.099872000026384, 54.039483999757977 ], [ 13.157156999756046, 54.021505999859208 ], [ 13.233057300231666, 54.055957100175029 ], [ 13.242278800372237, 54.035378400048486 ], [ 13.319572800180241, 54.004270099964614 ], [ 13.342526899968066, 53.983080400119483 ], [ 13.320109200406042, 53.947275300261971 ], [ 13.409374199995874, 53.902448599946325 ], [ 13.373592500208915, 53.891598499867953 ], [ 13.390851999747669, 53.868426399983939 ], [ 13.365372500337562, 53.862538300162619 ], [ 13.39307869965651, 53.815491699874698 ], [ 13.376863700044673, 53.799761700117479 ], [ 13.344046400271139, 53.803906200088711 ], [ 13.366772200416058, 53.749766299943637 ], [ 13.402556499927416, 53.778528999917334 ], [ 13.434165800104118, 53.768772299845466 ], [ 13.459464999551855, 53.810636300195675 ], [ 13.539298300411122, 53.791130300235324 ], [ 13.55093299969667, 53.814353100120265 ], [ 13.643947499908753, 53.846165699940734 ], [ 13.668968999559434, 53.810532899806098 ], [ 13.622822099646482, 53.786059799868219 ], [ 13.674912900266193, 53.772419800134813 ], [ 13.655004400108595, 53.744544299757344 ], [ 13.681868199778286, 53.70857610026188 ], [ 13.795028100261419, 53.685203899795432 ], [ 13.694269000304418, 53.650973899763507 ], [ 13.776150200398382, 53.596561099951366 ], [ 13.818921800107201, 53.590607400002227 ], [ 13.786052900205428, 53.562919300153069 ], [ 13.854727599896592, 53.533368199917717 ], [ 13.87511449965533, 53.473591100058911 ], [ 13.918137800120249, 53.45541009978416 ], [ 13.906700500228515, 53.426885499909851 ], [ 14.045370800370877, 53.429631200150176 ], [ 14.098643299712569, 53.374812299848742 ], [ 14.092347800200228, 53.351258600184536 ], [ 14.17466590042419, 53.32185230010495 ], [ 14.099028100251038, 53.261469799890996 ], [ 14.266272400124564, 53.259313499924559 ], [ 14.345363800356987, 53.181162100219055 ], [ 14.331405100142618, 53.160761800228045 ], [ 14.382267999888665, 53.129397000141978 ], [ 14.36614000031549, 53.079371099919157 ], [ 14.291615200202925, 53.020008099807477 ], [ 14.143657900159361, 52.961369100119576 ], [ 14.161593799665997, 52.888097100258364 ], [ 14.122929999918727, 52.837661000133537 ], [ 14.217489800048858, 52.816868100213135 ], [ 14.35104200006395, 52.751510099965053 ], [ 14.465102899997264, 52.661322000102373 ], [ 14.596211299757222, 52.610642900154595 ], [ 14.639013600289211, 52.573317399843944 ], [ 14.603838099825662, 52.531030800250399 ], [ 14.633925699725129, 52.491483599729392 ], [ 14.548115399732485, 52.432337300167454 ], [ 14.534120500107081, 52.396139200086246 ], [ 14.57528820009693, 52.289047699904103 ], [ 14.715550400262737, 52.236127799781123 ], [ 14.681812100049216, 52.115640300244408 ], [ 14.759045999869741, 52.065892000183794 ], [ 14.714028799698513, 52.003682800197382 ], [ 14.694183600225717, 51.901895199763395 ], [ 14.589612399647599, 51.826068700023974 ], [ 14.645474699732548, 51.7955275998427 ], [ 14.668169199878033, 51.725857000219747 ], [ 14.757747300073602, 51.66134590008113 ], [ 14.765119900272822, 51.607469800125649 ], [ 14.711333899660241, 51.562742499957949 ], [ 14.730364199609523, 51.53062260019491 ], [ 14.685108500323645, 51.530096200260985 ], [ 14.689247000210004, 51.496544999791006 ], [ 14.686811999851434, 51.495636899744923 ], [ 14.67670920031483, 51.494644700070587 ], [ 14.656057199630858, 51.476035799937222 ], [ 14.668529400052424, 51.43965469973547 ], [ 14.718405900209195, 51.449022799789084 ], [ 14.747822499913898, 51.428971500015493 ], [ 14.729597999554262, 51.404738500067509 ], [ 14.6997785000547, 51.412249699771614 ], [ 14.644867700010259, 51.334348400247116 ], [ 14.657291599815622, 51.316285299795084 ], [ 14.609786500193648, 51.299508700129707 ], [ 14.533094100334816, 51.340330500129937 ], [ 14.544743600262974, 51.357247100082489 ], [ 14.509132999893279, 51.320293900228094 ], [ 14.476949599893215, 51.320823300192131 ], [ 14.46303170026075, 51.346159599936371 ], [ 14.398526999881401, 51.305562199845092 ], [ 14.357914299735357, 51.32480170027857 ], [ 14.347743600139678, 51.36051080019417 ], [ 14.212791799759136, 51.33241100004264 ], [ 14.211200499810319, 51.374513400078186 ], [ 14.138699100078011, 51.367733900223364 ], [ 14.112594299568315, 51.380650700139526 ], [ 14.107485499699163, 51.351903099913855 ], [ 14.069842099876379, 51.33648970004927 ], [ 14.006387099771141, 51.340004599797119 ], [ 14.011279800017235, 51.36560170018803 ], [ 13.961198299821071, 51.397004600005644 ], [ 13.882764099864003, 51.374501399966448 ], [ 13.834260399734543, 51.383751899865054 ], [ 13.856087299792096, 51.339162099987163 ], [ 13.826454599565968, 51.341599499877738 ], [ 13.797238899989702, 51.301854700258616 ], [ 13.826596800180504, 51.265836200081502 ], [ 13.796118799645093, 51.248666300018087 ], [ 13.812467100261921, 51.229880600229016 ], [ 13.714958099612987, 51.228414000009813 ], [ 13.647156200356919, 51.19336290012243 ], [ 13.630874499936967, 51.208763400169275 ], [ 13.593746500423604, 51.20060340010442 ], [ 13.610010799578216, 51.180047000231525 ], [ 13.637739799935691, 51.182635299793887 ], [ 13.625915999892912, 51.159366000016057 ], [ 13.655230900426016, 51.160938300051896 ], [ 13.637052799847424, 51.142860800158608 ], [ 13.653968499753894, 51.120797699866834 ], [ 13.705067100362502, 51.108482599919277 ], [ 13.720678600088341, 51.139939900174006 ], [ 13.79034750033871, 51.14659270013388 ], [ 13.78651370001357, 51.130157000182351 ], [ 13.879396100268181, 51.124243399823534 ], [ 13.91094440034548, 51.094144600244881 ], [ 13.885800799884754, 51.071292800043402 ], [ 13.965724299683375, 51.061595699741176 ], [ 13.962762500292715, 51.031311400151324 ], [ 13.882941200027307, 50.986894799987233 ], [ 13.911694299571614, 50.936335299899483 ], [ 13.810921900056853, 50.899658800244822 ], [ 13.726590800147028, 50.932874999946591 ], [ 13.676269500075648, 50.912462499885201 ], [ 13.643598599642285, 50.945039399835672 ], [ 13.582096800171126, 50.953368899942014 ], [ 13.583059999869896, 50.981238799977753 ], [ 13.612294299962464, 50.988971299921708 ], [ 13.594406199812049, 51.026156500143379 ], [ 13.56820620034012, 51.001836300128772 ], [ 13.520547900232987, 51.012094200108379 ], [ 13.438227699747911, 50.981721600207599 ], [ 13.449471400119515, 51.022287599811598 ], [ 13.379717300054304, 51.054608399896367 ], [ 13.409548700434746, 51.08764160000468 ], [ 13.355226700244964, 51.097431600122107 ], [ 13.326474899664563, 51.145697999960959 ], [ 13.353033099661076, 51.171004099933427 ], [ 13.316808299572052, 51.189976300024959 ], [ 13.254386200346808, 51.164338599877667 ], [ 13.216311900241806, 51.175524999929934 ], [ 13.203455699680685, 51.141095900121847 ], [ 13.193905099939133, 51.154584499773577 ], [ 13.150614500371555, 51.149891899944926 ], [ 13.119371100179759, 51.178052800159328 ], [ 13.045520599773964, 51.178735500003839 ], [ 13.061518700262123, 51.197953800235737 ], [ 12.960723600320142, 51.225196500019202 ], [ 12.892412800065751, 51.208499499726798 ], [ 12.856350700146026, 51.16169710019058 ], [ 12.813480200415993, 51.156731499986535 ], [ 12.774704399617377, 51.181530000209065 ], [ 12.737637400203418, 51.16819470009964 ], [ 12.735780400153141, 51.1378832000945 ], [ 12.674746799913114, 51.121602400223708 ], [ 12.746571099889902, 51.111653700059271 ], [ 12.737674700050633, 51.095757600134149 ], [ 12.675047500174689, 51.09436700013098 ], [ 12.636888199680865, 51.130232800139915 ], [ 12.565273700340358, 51.139716800272843 ], [ 12.556187700280606, 51.090515499806045 ], [ 12.501137300244359, 51.064279299995107 ], [ 12.498714299581318, 51.037595199728706 ], [ 12.446479100169574, 51.02773809991335 ], [ 12.483105999654541, 50.922197699870232 ], [ 12.440854599953701, 50.935708899892226 ], [ 12.431526999794881, 50.965178200087557 ], [ 12.37215969984674, 50.958575300180563 ], [ 12.385382800217672, 50.991793600277255 ], [ 12.339090000427834, 50.973097100109598 ], [ 12.348443899664879, 50.96075049978883 ], [ 12.328558199647512, 50.955856000016404 ], [ 12.320147599730774, 50.975450700008203 ], [ 12.289442499701611, 50.975839300103267 ], [ 12.214462899628716, 50.937850799944577 ], [ 12.182806700207683, 50.975986099828233 ], [ 12.16342900017845, 50.958697699821329 ], [ 12.091030799804292, 50.976585700252755 ], [ 12.014287300178834, 50.968111700078595 ], [ 12.006535399825607, 50.991036299832054 ], [ 11.970266799679939, 50.994173200019233 ], [ 11.977108800075147, 51.016278599997264 ], [ 11.911817300372725, 51.028270099998188 ], [ 11.888147800258929, 51.056063299967917 ], [ 11.759747999845349, 51.042832600196498 ], [ 11.668167700408551, 51.110412299832561 ], [ 11.571847300237897, 51.120569400048765 ], [ 11.545371500007439, 51.102387200257077 ], [ 11.485171699844456, 51.102498199724067 ], [ 11.451428899969674, 51.146531100086399 ], [ 11.485279600086486, 51.168279599844823 ], [ 11.46848660016636, 51.192671799978363 ] ], [ [ 11.60119400023372, 53.760582999737984 ], [ 11.488721000125876, 53.766248999761586 ], [ 11.486007000108017, 53.690690999757258 ], [ 11.450315999622067, 53.692359999939129 ], [ 11.507454999761871, 53.620264000133396 ], [ 11.552331999866697, 53.648167000226643 ], [ 11.57649799973635, 53.643549000184024 ], [ 11.559827300052261, 53.674856800247113 ], [ 11.5944959997786, 53.685702000212125 ], [ 11.577569999789079, 53.726831999768088 ], [ 11.60119400023372, 53.760582999737984 ] ], [ [ 10.899753700394365, 52.291146799823714 ], [ 10.89164689992692, 52.291288599913635 ], [ 10.898792900095708, 52.288400700130282 ], [ 10.899753700394365, 52.291146799823714 ] ], [ [ 11.759615299813248, 52.078860799889128 ], [ 11.760650600093356, 52.079580800109561 ], [ 11.760099300410227, 52.079731500147815 ], [ 11.759615299813248, 52.078860799889128 ] ], [ [ 14.676147400224332, 51.500996000198754 ], [ 14.670647700255916, 51.503197300142986 ], [ 14.67034570013214, 51.502124999781017 ], [ 14.676147400224332, 51.500996000198754 ] ], [ [ 14.686591200242795, 51.495921199922847 ], [ 14.680310799613769, 51.499501999952273 ], [ 14.67931770038907, 51.49676590010116 ], [ 14.686591200242795, 51.495921199922847 ] ], [ [ 13.83428090018767, 51.106560900273948 ], [ 13.834295099857357, 51.111672199852123 ], [ 13.827665000359575, 51.116847599809297 ], [ 13.83428090018767, 51.106560900273948 ] ] ], [ [ [ 11.33153249993325, 51.534898100275107 ], [ 11.338340499993249, 51.558928100092693 ], [ 11.36905159987016, 51.561322999721618 ], [ 11.37352779982804, 51.559834500268337 ], [ 11.374311400250383, 51.513857299910136 ], [ 11.33153249993325, 51.534898100275107 ] ] ], [ [ [ 14.679387300060656, 51.491654999790605 ], [ 14.684059100086831, 51.486665900051953 ], [ 14.677059800193808, 51.49078209982045 ], [ 14.679387300060656, 51.491654999790605 ] ] ] ] } },
{ "type": "Feature", "properties": { "climate_region": 5 }, "geometry": { "type": "MultiPolygon", "coordinates": [ [ [ [ 6.538574500414274, 50.779662299770976 ], [ 6.459682700448091, 50.740979700028248 ], [ 6.407617299693044, 50.774629800106979 ], [ 6.357247300153484, 50.760578800217615 ], [ 6.353368900271119, 50.788772599818252 ], [ 6.314343599588861, 50.771209600188101 ], [ 6.304377399671024, 50.787399300098521 ], [ 6.260349400036158, 50.778288400146302 ], [ 6.215138199696166, 50.80453759992853 ], [ 6.104814100003608, 50.813207999793676 ], [ 6.075682400092932, 50.807715199760665 ], [ 6.074339199554247, 50.778232100281024 ], [ 6.015942499626165, 50.838796200087621 ], [ 6.055051299612394, 50.857234200220326 ], [ 6.074170900185773, 50.846537899900802 ], [ 6.093988799857043, 50.920945699795816 ], [ 6.018201699683662, 50.934701400254532 ], [ 6.026511799679726, 50.983272000196791 ], [ 5.892609999610559, 50.980312800247283 ], [ 5.905517500262625, 51.002172000081472 ], [ 5.866737000376792, 51.051570400231689 ], [ 5.913207800441858, 51.066882999979526 ], [ 5.957778299863319, 51.034726099842409 ], [ 5.997793499971211, 51.084245700174627 ], [ 6.175421899626031, 51.158464000229365 ], [ 6.138801699776485, 51.173339199926282 ], [ 6.180724299913641, 51.186358500190515 ], [ 6.165170400163825, 51.194414100207936 ], [ 6.082190200252974, 51.171633499993597 ], [ 6.072653400430834, 51.24255550009331 ], [ 6.226386699766329, 51.360336000139831 ], [ 6.212023700181927, 51.513390900225914 ], [ 6.091423900413425, 51.605848599868864 ], [ 6.118087600353559, 51.655972900005892 ], [ 6.032349499756929, 51.674055700035559 ], [ 6.04493919981764, 51.716913400122067 ], [ 5.955155200369084, 51.738117600155412 ], [ 5.992066999648044, 51.770245899975059 ], [ 5.945044699575564, 51.823544000219954 ], [ 6.035670600108419, 51.842638100010447 ], [ 6.063485599781288, 51.865451200245012 ], [ 6.166559899872244, 51.840721600198698 ], [ 6.167000399551612, 51.861621600073718 ], [ 6.103447999611716, 51.892474200089254 ], [ 6.156225399671055, 51.905244899936918 ], [ 6.21017719964069, 51.869021299977589 ], [ 6.279730399577431, 51.874114699789203 ], [ 6.306203099721837, 51.84907819975372 ], [ 6.407205600001687, 51.828019500236273 ], [ 6.390566200317063, 51.87396810004995 ], [ 6.472507800435769, 51.853822999803725 ], [ 6.683993999593095, 51.917576499951608 ], [ 6.721969600001206, 51.896063299958456 ], [ 6.828528999576888, 51.96410539972613 ], [ 6.826607499590882, 51.993527399977779 ], [ 6.687853000356941, 52.039856200045108 ], [ 6.694662900353769, 52.069800399918257 ], [ 6.747612200229248, 52.081924899879077 ], [ 6.760572399649139, 52.118779900005208 ], [ 6.855473999761712, 52.120462100143328 ], [ 6.985314500261681, 52.225346699890707 ], [ 7.061283600009935, 52.234711100257314 ], [ 7.026453599689507, 52.29196779997875 ], [ 7.072153600325036, 52.373611299745178 ], [ 6.98762329989925, 52.469766800105091 ], [ 6.941657600060554, 52.435425700041776 ], [ 6.697524100110678, 52.486323299903916 ], [ 6.680879899829165, 52.5533174001174 ], [ 6.76669200004566, 52.561636899833005 ], [ 6.718771600284699, 52.588635999883394 ], [ 6.710041899914406, 52.627861500250162 ], [ 6.78392120030818, 52.652539899794796 ], [ 7.002267500015364, 52.641810199910033 ], [ 6.995553900315314, 52.606194500107996 ], [ 7.033114199686104, 52.618135199949741 ], [ 7.045408300119461, 52.597108500053373 ], [ 7.108976600239882, 52.588906499998664 ], [ 7.109730499663957, 52.602066999801593 ], [ 7.198760499975461, 52.538025300230949 ], [ 7.256269199973826, 52.542118899991678 ], [ 7.285612100095994, 52.515922000134204 ], [ 7.258069500160009, 52.507067199782426 ], [ 7.275379900039364, 52.46729989978779 ], [ 7.295581499812894, 52.481980499864711 ], [ 7.372477999599259, 52.420210800136346 ], [ 7.421242399807305, 52.433093100180017 ], [ 7.417714200053574, 52.490924399853519 ], [ 7.469261599876466, 52.511455800236625 ], [ 7.633534400350905, 52.54269529998269 ], [ 7.793398999741219, 52.531491800256823 ], [ 7.752369800205262, 52.572669499766 ], [ 7.782156099768529, 52.577043100254009 ], [ 7.823573299642018, 52.63745020011504 ], [ 7.851019000104962, 52.58915310005429 ], [ 7.925776300382731, 52.599125199970821 ], [ 7.884910700229667, 52.561100999955706 ], [ 7.938598600321655, 52.518345500219866 ], [ 7.998044500162201, 52.540268399754488 ], [ 8.036887900084229, 52.532361200218318 ], [ 8.041240799981173, 52.588437100101586 ], [ 8.193396999935901, 52.638463000035301 ], [ 8.247691400286893, 52.6215323998697 ], [ 8.241621100331475, 52.604181700169981 ], [ 8.305846100365633, 52.606746999892785 ], [ 8.354655299556928, 52.540925299906931 ], [ 8.454307000449083, 52.53238560006659 ], [ 8.557158099734655, 52.499068600073414 ], [ 8.651787500434699, 52.531328600048056 ], [ 8.690320700411016, 52.518592799976211 ], [ 8.723923199608091, 52.379668899870964 ], [ 8.694324000253884, 52.358381899931487 ], [ 8.702567100302765, 52.332641100075236 ], [ 8.451288099647387, 52.366796600094823 ], [ 8.459674700173037, 52.283212600247602 ], [ 8.35387700009306, 52.273313999919395 ], [ 8.248887700225493, 52.321087799944145 ], [ 8.165635500328067, 52.321545699942639 ], [ 8.173298100057204, 52.351621199899853 ], [ 8.119256299675902, 52.378219199734453 ], [ 8.094582100392126, 52.36104290008138 ], [ 8.097352800274082, 52.307446700121133 ], [ 8.180660199849084, 52.284861100129611 ], [ 8.121715499749946, 52.260724000172146 ], [ 8.133649799759153, 52.233441100240569 ], [ 8.108299600257769, 52.218239800125218 ], [ 8.082047600008993, 52.240231200105647 ], [ 8.01274869965445, 52.232708599764159 ], [ 7.98955179961837, 52.208195800223372 ], [ 7.92420279965297, 52.220939599982593 ], [ 7.892702699580533, 52.251869699983359 ], [ 7.762112999642037, 52.287044600217698 ], [ 7.730041599794993, 52.335221199869324 ], [ 7.684592999878229, 52.323082099881653 ], [ 7.603644700206837, 52.341534800128727 ], [ 7.680595200419854, 52.254388499956953 ], [ 7.649370399846031, 52.203103199817043 ], [ 7.700341599584417, 52.176817200069088 ], [ 7.767942000434049, 52.214158399802102 ], [ 7.853098800312019, 52.218863999978268 ], [ 7.864953099955283, 52.197244699772078 ], [ 7.899284200221408, 52.200434600056823 ], [ 7.933726500241635, 52.176732099793945 ], [ 8.009234999607768, 52.175476299972367 ], [ 8.007736599832382, 52.115406099780799 ], [ 8.054136600076642, 52.06908609972988 ], [ 8.096278999997539, 52.057130099963196 ], [ 8.192916700397896, 52.072383900230754 ], [ 8.201414100028975, 52.087526599905033 ], [ 8.243421699656658, 52.080684000000865 ], [ 8.261353800187969, 52.047602400127722 ], [ 8.242433899593806, 52.012226700244348 ], [ 8.313875500191601, 51.967762300115211 ], [ 8.380684000185642, 51.974883500032099 ], [ 8.427189500373489, 51.944648699935271 ], [ 8.486859599946055, 51.945314299734598 ], [ 8.505990600140398, 51.914870800007286 ], [ 8.545470000097049, 51.92569849975235 ], [ 8.601493100414503, 51.853849999950512 ], [ 8.637914099748121, 51.878236099994631 ], [ 8.662473900377098, 51.851986500142985 ], [ 8.748343899708583, 51.858584200047986 ], [ 8.765686900347935, 51.833277500227972 ], [ 8.722767400214094, 51.820108500113953 ], [ 8.745760200322676, 51.801543399851035 ], [ 8.676092200184234, 51.789071299741153 ], [ 8.699077599971492, 51.732456600075636 ], [ 8.769203999619666, 51.685644299932846 ], [ 8.6683530002125, 51.659529400096019 ], [ 8.724450700224416, 51.613885699904287 ], [ 8.693775000257892, 51.607750400237123 ], [ 8.693411799710431, 51.607123100126053 ], [ 8.691594400092798, 51.606640899865461 ], [ 8.689468400429018, 51.604976599863519 ], [ 8.689056300089053, 51.604818299973374 ], [ 8.688512500440259, 51.60477080024657 ], [ 8.638863900176119, 51.630144799745594 ], [ 8.605010499723566, 51.631082599915302 ], [ 8.473546899812064, 51.568614300239197 ], [ 8.431339799631154, 51.598939499904716 ], [ 8.384289199932246, 51.581013699915708 ], [ 8.364822999677832, 51.592939099836357 ], [ 8.246487099952409, 51.580429199831975 ], [ 8.237673699953824, 51.522156499920605 ], [ 8.028033400364777, 51.526144599728205 ], [ 8.01172780026668, 51.46822499985749 ], [ 7.953923700066915, 51.466083300069357 ], [ 7.904830600008198, 51.491330099892743 ], [ 7.863948799637312, 51.457292299974661 ], [ 7.837493400146938, 51.478409400007031 ], [ 7.698975100340514, 51.474170699836037 ], [ 7.630008500284311, 51.45145810019374 ], [ 7.604407999602074, 51.475993300218221 ], [ 7.571572100210604, 51.474960399790291 ], [ 7.51176480004638, 51.418141000213346 ], [ 7.404061800198285, 51.396105999816129 ], [ 7.394550299629469, 51.353220800072627 ], [ 7.315724799822829, 51.36295820014017 ], [ 7.299816299996061, 51.313117099727421 ], [ 7.171484299928543, 51.298950700144218 ], [ 7.181421799571381, 51.286199100105691 ], [ 7.171421099855015, 51.278050499918571 ], [ 7.127818100367597, 51.280408799830319 ], [ 7.110771499754548, 51.261087300257046 ], [ 7.074525800360452, 51.270887899925654 ], [ 7.014072500115853, 51.245408999973385 ], [ 7.051658200249638, 51.232460100174862 ], [ 7.034894499780809, 51.21654150024564 ], [ 7.083733600294623, 51.176818500186798 ], [ 7.07342229998394, 51.134887300042287 ], [ 7.164884700031283, 51.114944800045116 ], [ 7.138602200181985, 51.066335300207996 ], [ 7.195017799599902, 51.065685000244393 ], [ 7.195660899918547, 51.009773799835877 ], [ 7.249320800421438, 50.987984799968302 ], [ 7.254573699943625, 50.973375999854831 ], [ 7.196774599766737, 50.948958600011707 ], [ 7.196317899869581, 50.931975599856365 ], [ 7.300316100162256, 50.906708400062314 ], [ 7.304090600000567, 50.879554500163515 ], [ 7.275407400165174, 50.863429899968708 ], [ 7.299861399914905, 50.855554699965865 ], [ 7.281096100279479, 50.827510800163651 ], [ 7.309833199930249, 50.819167299913062 ], [ 7.27797259964609, 50.790002099823518 ], [ 7.24281849974756, 50.790418200078356 ], [ 7.228025299668546, 50.752343599836138 ], [ 7.368127800038058, 50.697877699899301 ], [ 7.357747200093123, 50.648813299903523 ], [ 7.314410899633773, 50.638307600229275 ], [ 7.366688999888534, 50.618467999943427 ], [ 7.323283800443503, 50.60037929978381 ], [ 7.34558340029175, 50.5576289000103 ], [ 7.40905299981695, 50.589520099923703 ], [ 7.485857000078491, 50.580172800196102 ], [ 7.509780199699891, 50.565314500197807 ], [ 7.492546799813407, 50.556679600165971 ], [ 7.455069900033578, 50.546770799738354 ], [ 7.409709900055005, 50.564334999883499 ], [ 7.396872500334471, 50.551439400082202 ], [ 7.423414599826142, 50.537249599941873 ], [ 7.448624300122128, 50.548295100087408 ], [ 7.43770519969024, 50.507151499770814 ], [ 7.48053019975112, 50.474701300186794 ], [ 7.52078570009581, 50.503191699847186 ], [ 7.514191100221461, 50.484182200228858 ], [ 7.564742899909872, 50.483096200230364 ], [ 7.626578899616196, 50.442595499903803 ], [ 7.647518600142948, 50.46007269976743 ], [ 7.703253099607368, 50.438110600223752 ], [ 7.731901099856693, 50.448735099806221 ], [ 7.725240700184417, 50.427341200244221 ], [ 7.6877861001832, 50.428550500125972 ], [ 7.67975129968575, 50.403304999894246 ], [ 7.647142100037692, 50.398368500250484 ], [ 7.69643540043724, 50.366389999975397 ], [ 7.657882699832731, 50.328114200106988 ], [ 7.590391700310015, 50.32554160000435 ], [ 7.605280599712881, 50.293834200136345 ], [ 7.555914400129677, 50.283000999951689 ], [ 7.475033800193073, 50.320206099938211 ], [ 7.457440299845143, 50.288286699816304 ], [ 7.407210600084996, 50.273487400263576 ], [ 7.418728699843289, 50.24716690027013 ], [ 7.378534900283903, 50.208110500191339 ], [ 7.294285699778488, 50.20243690009881 ], [ 7.344996300049597, 50.248613200198314 ], [ 7.317622799881, 50.288684899764611 ], [ 7.243308999655638, 50.253191100118293 ], [ 7.249165499675097, 50.311845499900969 ], [ 7.333514200276318, 50.31988759999588 ], [ 7.356106299665904, 50.3394800002688 ], [ 7.275526300277863, 50.398253999823474 ], [ 7.283156999932937, 50.41912949983913 ], [ 7.253718299875574, 50.414043999747143 ], [ 7.2958271001099, 50.435349700116596 ], [ 7.286561299551068, 50.47335010004543 ], [ 7.208272800044861, 50.471421199937794 ], [ 7.206919300321455, 50.495683400109691 ], [ 7.150841900438349, 50.513189499819163 ], [ 7.208662199957604, 50.5446797998069 ], [ 7.165220100415669, 50.599134600056139 ], [ 7.115333699926152, 50.612013199881353 ], [ 7.090377099961473, 50.585914899907145 ], [ 7.043136600004786, 50.602300300105021 ], [ 7.059299899775371, 50.638433899868517 ], [ 6.939446099646335, 50.731569700245878 ], [ 6.853220600126007, 50.696057799885459 ], [ 6.769896400258587, 50.687795100094512 ], [ 6.777966599768094, 50.717117199719574 ], [ 6.712938000118414, 50.73184130022603 ], [ 6.723996999681106, 50.745942299906623 ], [ 6.696831100174664, 50.75563859994066 ], [ 6.678956799943661, 50.713223500139307 ], [ 6.626405600164412, 50.734111199878669 ], [ 6.569923699688654, 50.68940519991321 ], [ 6.521114000135742, 50.724042999779947 ], [ 6.538574500414274, 50.779662299770976 ] ], [ [ 7.151890200238919, 51.502110299835621 ], [ 7.151007099720772, 51.504138599768737 ], [ 7.149786500353752, 51.503683400277303 ], [ 7.151890200238919, 51.502110299835621 ] ], [ [ 7.456789500066211, 50.340836400048971 ], [ 7.482613600405842, 50.329234100040438 ], [ 7.491850099716715, 50.337496700129797 ], [ 7.456789500066211, 50.340836400048971 ] ] ], [ [ [ 8.723839599692811, 52.107506500093891 ], [ 8.754599900297848, 52.145311600206327 ], [ 8.664095000138795, 52.175443500116451 ], [ 8.698014300102288, 52.248833099789593 ], [ 8.801914999948997, 52.207358300218203 ], [ 8.872062500124892, 52.249474700191548 ], [ 8.792076100290073, 52.262801600255223 ], [ 8.866175099856243, 52.337213999910766 ], [ 8.774708200147673, 52.395542500047583 ], [ 8.936710300332342, 52.401862099851478 ], [ 9.052937800187051, 52.500280299745739 ], [ 9.09961180006769, 52.497265100269964 ], [ 9.13861220034857, 52.475459300086783 ], [ 9.094729999979245, 52.44312319994777 ], [ 9.16117470024956, 52.403541200172249 ], [ 9.059478299921738, 52.339305800246564 ], [ 9.027177599708553, 52.345336099759834 ], [ 8.963317400121388, 52.278847500048272 ], [ 9.076822100061706, 52.233668600204332 ], [ 9.037064499946382, 52.224132799867256 ], [ 9.045675799667272, 52.183169000028968 ], [ 8.985883799609013, 52.194641799853869 ], [ 9.02193459962078, 52.171587000026051 ], [ 9.011891800358644, 52.13516319979886 ], [ 9.037763000266891, 52.13754629973797 ], [ 9.032592300186444, 52.074017199996703 ], [ 8.908769000225462, 52.068801799825657 ], [ 8.897966399607819, 52.089240399758154 ], [ 8.844718400018902, 52.103293499952159 ], [ 8.827219500355241, 52.074320099747744 ], [ 8.856420700224524, 52.05656969999049 ], [ 8.790985000257761, 52.024476499798141 ], [ 8.738605800007663, 52.068572799819179 ], [ 8.77347270042503, 52.090944200086398 ], [ 8.723839599692811, 52.107506500093891 ] ] ], [ [ [ 8.385754000021063, 52.545283700107504 ], [ 8.382711399865544, 52.549382300175679 ], [ 8.385243599734483, 52.549433700184395 ], [ 8.385754000021063, 52.545283700107504 ] ] ] ] } },
{ "type": "Feature", "properties": { "climate_region": 6 }, "geometry": { "type": "MultiPolygon", "coordinates": [ [ [ [ 6.83690390044424, 49.210896999787145 ], [ 6.861943500249605, 49.178923499817031 ], [ 6.83417530010809, 49.151281599715837 ], [ 6.720423600295553, 49.175261799818706 ], [ 6.723177799922389, 49.219011399818129 ], [ 6.695771600179114, 49.215230800072092 ], [ 6.670321700257604, 49.280264999911068 ], [ 6.58909539985356, 49.322125599777813 ], [ 6.563581800395269, 49.355903500122125 ], [ 6.588100500405047, 49.349515500090419 ], [ 6.602299899708226, 49.367110499709753 ], [ 6.504240600099397, 49.447828599976283 ], [ 6.547673899744798, 49.459375099889378 ], [ 6.554449599980462, 49.481225699955132 ], [ 6.640626499745621, 49.488297499875628 ], [ 6.652996099985296, 49.551175899891447 ], [ 6.690580500256881, 49.53526640003885 ], [ 6.768037999734767, 49.568493599843386 ], [ 6.706665500172327, 49.605505599922651 ], [ 6.727543100163499, 49.62103709974145 ], [ 6.715656400084558, 49.661745399837095 ], [ 6.842205300008651, 49.663002699898783 ], [ 6.870261800067574, 49.693678799872117 ], [ 6.865904699648371, 49.780087100251379 ], [ 6.899748100055169, 49.804690299839933 ], [ 6.946320300152901, 49.806196999797685 ], [ 6.950382199796694, 49.832806499764139 ], [ 7.03245140021161, 49.835597400186607 ], [ 6.95964550034407, 49.900833099953346 ], [ 6.978051100166691, 49.91308700006293 ], [ 7.004429300238169, 49.916697400263814 ], [ 7.005503399653714, 49.891345400255737 ], [ 7.023379599821544, 49.901884800226455 ], [ 7.046303700370466, 49.88702359977745 ], [ 7.10117640016878, 49.894786900274298 ], [ 7.104968600411433, 49.912803400107499 ], [ 7.15601479959459, 49.903161599818134 ], [ 7.135193600328548, 49.911828799974963 ], [ 7.162998399631375, 49.942133900167121 ], [ 7.214501400221359, 49.956516900037663 ], [ 7.253746700113277, 49.941460399946237 ], [ 7.341400299949836, 49.975548500060803 ], [ 7.332621099712417, 50.00835390028378 ], [ 7.354728900264353, 50.014976100047114 ], [ 7.314633500364527, 50.065904400045042 ], [ 7.340527200375742, 50.06318320022983 ], [ 7.345129999906599, 50.082591900085028 ], [ 7.396365200133943, 50.060176799960026 ], [ 7.452601900063034, 50.095714600050464 ], [ 7.503841200201329, 50.06686160006614 ], [ 7.526290600411424, 50.101303600010667 ], [ 7.49772430014055, 50.136257599803741 ], [ 7.547602299585511, 50.133294999899277 ], [ 7.565368200111163, 50.153414500282331 ], [ 7.593505700360933, 50.135139500139331 ], [ 7.638762599796068, 50.140614400255252 ], [ 7.650647699975478, 50.119649000028687 ], [ 7.596328499834417, 50.100287100114492 ], [ 7.663410400288574, 50.09041980010015 ], [ 7.637945699724453, 50.04971470025761 ], [ 7.772418099780621, 49.996084599887702 ], [ 7.772976600359049, 49.973929399901571 ], [ 7.820949699786134, 49.95334749986381 ], [ 7.802137899758354, 49.938380700008082 ], [ 7.837046100220876, 49.939990999799704 ], [ 7.855247900153328, 49.919882599900404 ], [ 7.742711000184351, 49.914365399907993 ], [ 7.72587140015886, 49.932189899772808 ], [ 7.663374700340858, 49.921893700193607 ], [ 7.630990199888074, 49.935168499856829 ], [ 7.584470100280201, 49.909984300138206 ], [ 7.658188799867492, 49.855625400187215 ], [ 7.637432800324783, 49.828768600144592 ], [ 7.684437300279944, 49.796026600147719 ], [ 7.658853399565837, 49.761757699882658 ], [ 7.562700400448393, 49.737888300139282 ], [ 7.57709460031925, 49.814056399904835 ], [ 7.541064800223863, 49.835826300137605 ], [ 7.544463099994247, 49.805430199754987 ], [ 7.505635099891125, 49.809959300217628 ], [ 7.516819100025561, 49.846759800225755 ], [ 7.467807399908001, 49.866115500227437 ], [ 7.448527900112373, 49.853335399950311 ], [ 7.484391200164771, 49.826476800111109 ], [ 7.426476599998544, 49.808916700142383 ], [ 7.395791299736604, 49.821561000134317 ], [ 7.443514600141049, 49.786608100112559 ], [ 7.409836699952303, 49.753057399713178 ], [ 7.4440094002844, 49.765550500284689 ], [ 7.468908299661749, 49.739753200139667 ], [ 7.516583600385651, 49.744324099712045 ], [ 7.523475399786919, 49.721149000214531 ], [ 7.491738099563733, 49.702784400137546 ], [ 7.584834899828863, 49.713219799858919 ], [ 7.62956910014289, 49.660325700081209 ], [ 7.675099300325096, 49.669291600037894 ], [ 7.651407099784048, 49.644946499931777 ], [ 7.684204899827719, 49.621411000212028 ], [ 7.722951199952388, 49.627784099996994 ], [ 7.712558000237264, 49.666520000232879 ], [ 7.745218700300586, 49.658474599830122 ], [ 7.778337600447585, 49.682799300022111 ], [ 7.820404799701095, 49.67323460026433 ], [ 7.890600000418565, 49.692370000173391 ], [ 7.908554200404203, 49.735807700239903 ], [ 7.947882599849817, 49.755776699854898 ], [ 7.935664099834155, 49.735181299786952 ], [ 7.975776399739408, 49.717889800230509 ], [ 7.96537470016508, 49.698605299730808 ], [ 8.060361200055167, 49.73094059997559 ], [ 8.052798299847826, 49.699151600040494 ], [ 8.102107399816624, 49.698503200238605 ], [ 8.154635099668038, 49.658140600017866 ], [ 8.177446099627733, 49.610917600088115 ], [ 8.122882299912897, 49.55569009995957 ], [ 8.201626300065403, 49.519422099902272 ], [ 8.145201200065015, 49.475162700107553 ], [ 8.195556099822964, 49.494261099721641 ], [ 8.213262000074153, 49.480293199772866 ], [ 8.254403400087446, 49.489178000291169 ], [ 8.20595539999718, 49.435851399973586 ], [ 8.113328200335022, 49.410372899989348 ], [ 8.121620800250996, 49.393515500106794 ], [ 8.097274699844965, 49.387670799751284 ], [ 8.107286100292988, 49.357637899969312 ], [ 8.178221200190839, 49.326324199802052 ], [ 8.162906699667598, 49.314192199888133 ], [ 8.199802100201078, 49.310459699829657 ], [ 8.108072799903049, 49.264243099973406 ], [ 8.151853199591102, 49.230852500226831 ], [ 8.07444070031905, 49.229926700181259 ], [ 8.064972200306261, 49.203310400197417 ], [ 7.989465699691669, 49.202465199882077 ], [ 7.973935999657259, 49.178288400041971 ], [ 8.05566379984004, 49.191790500069636 ], [ 8.068138999736346, 49.154863900250483 ], [ 8.134102800393997, 49.169433599837937 ], [ 8.120410800105995, 49.102712799868037 ], [ 8.055563500243618, 49.073873400050637 ], [ 8.068397000377519, 48.999405000244415 ], [ 7.933976499588595, 49.057922600292414 ], [ 7.867339699984672, 49.032962000005739 ], [ 7.794434399734339, 49.065751199944962 ], [ 7.757287900316018, 49.045314999765509 ], [ 7.631560300411755, 49.054914900067367 ], [ 7.629521699638613, 49.073569200237166 ], [ 7.528756999584139, 49.097051499861962 ], [ 7.489447400080781, 49.136499899789371 ], [ 7.493975599917211, 49.169406199812791 ], [ 7.434638200393291, 49.164733000052891 ], [ 7.445790400166676, 49.184266599943761 ], [ 7.365324900044745, 49.172040700040775 ], [ 7.362681300097416, 49.143261400221817 ], [ 7.325787000000147, 49.143323500184898 ], [ 7.293555600319545, 49.114989200195858 ], [ 7.244965099577446, 49.130015299782372 ], [ 7.157450600269406, 49.1208268000087 ], [ 7.10200610033487, 49.155763900074412 ], [ 7.056362099775831, 49.11197029987418 ], [ 7.035031400335169, 49.191436099734702 ], [ 6.938229799616257, 49.222447699902673 ], [ 6.83690390044424, 49.210896999787145 ] ], [ [ 7.400020400109256, 49.823584199907266 ], [ 7.424399999590547, 49.840554699924361 ], [ 7.419572199928789, 49.844664399820338 ], [ 7.391443799612849, 49.83661059984518 ], [ 7.400020400109256, 49.823584199907266 ] ], [ [ 7.983228799980252, 49.311472400163019 ], [ 7.997239899823477, 49.327932800269039 ], [ 7.984171999587546, 49.333527299875584 ], [ 7.983228799980252, 49.311472400163019 ] ], [ [ 8.026015500369015, 49.299527000030309 ], [ 8.03269039974831, 49.290223599708405 ], [ 8.042991700013237, 49.303861200004697 ], [ 8.026015500369015, 49.299527000030309 ] ], [ [ 8.020358400291475, 49.298142999865057 ], [ 8.002870399887167, 49.283964699896586 ], [ 8.029882099981842, 49.268550299848471 ], [ 8.044775899694576, 49.27045969994446 ], [ 8.020358400291475, 49.298142999865057 ] ], [ [ 7.732786599774988, 49.60521820021728 ], [ 7.638721500075165, 49.574858900170092 ], [ 7.690650199701873, 49.532005699865586 ], [ 7.723617200124242, 49.541380800192066 ], [ 7.753758000051448, 49.525988699745518 ], [ 7.783041199936514, 49.559119200156644 ], [ 7.739289099874854, 49.573457999821997 ], [ 7.732786599774988, 49.60521820021728 ] ], [ [ 8.065633399881259, 49.277030900049311 ], [ 8.079591299696713, 49.283812500005411 ], [ 8.058757400049172, 49.282188499940062 ], [ 8.065633399881259, 49.277030900049311 ] ], [ [ 8.066239000028338, 49.472885699719505 ], [ 8.065670200265187, 49.451089299923154 ], [ 8.078173800399162, 49.454677000054822 ], [ 8.066239000028338, 49.472885699719505 ] ], [ [ 8.115834299653397, 49.497124200288944 ], [ 8.10555680025193, 49.485633700131253 ], [ 8.122203300220582, 49.484647200106863 ], [ 8.115834299653397, 49.497124200288944 ] ] ], [ [ [ 6.233903899980232, 49.900114099852644 ], [ 6.191061000088989, 49.969465300025085 ], [ 6.178361899599695, 49.953855500115388 ], [ 6.129659699640241, 50.018133200272771 ], [ 6.112531699984332, 50.060502999868689 ], [ 6.15450169972747, 50.141639300106839 ], [ 6.131936000027451, 50.155162799928597 ], [ 6.146998799794595, 50.177749299854455 ], [ 6.19232119988869, 50.182033799792897 ], [ 6.175970499871715, 50.235553200110431 ], [ 6.278514699621979, 50.266452199827739 ], [ 6.306469699935258, 50.320190299772236 ], [ 6.363375400409242, 50.305187000087365 ], [ 6.408085499822509, 50.335575899974245 ], [ 6.342940200034266, 50.380248900135236 ], [ 6.377464200032946, 50.438808599772443 ], [ 6.340425800282678, 50.462402300239461 ], [ 6.350361300275678, 50.488544399892639 ], [ 6.269663800350159, 50.504544600222687 ], [ 6.226617600032034, 50.494350099804102 ], [ 6.207310300073297, 50.523084199972423 ], [ 6.203108099751797, 50.526438300251527 ], [ 6.199295000204039, 50.527465500068104 ], [ 6.197051599715758, 50.530405400159481 ], [ 6.19831750022424, 50.539472499999071 ], [ 6.207698100086477, 50.546709100096841 ], [ 6.210395400423195, 50.553993300034968 ], [ 6.224806299975193, 50.554946900239273 ], [ 6.226845299600347, 50.556665400258659 ], [ 6.227558899702499, 50.561688699954296 ], [ 6.234107300120092, 50.56399070014939 ], [ 6.236012599888277, 50.566157600001262 ], [ 6.268733300226033, 50.618699599825234 ], [ 6.274108599697264, 50.62987310008441 ], [ 6.266377899584769, 50.642075899745656 ], [ 6.264311900195421, 50.643113500169989 ], [ 6.261578699586701, 50.643337599826104 ], [ 6.245679299693762, 50.640770899826833 ], [ 6.234255099933802, 50.648480899853539 ], [ 6.23037589965249, 50.649289100267595 ], [ 6.186761199608511, 50.64060630012321 ], [ 6.183682000291681, 50.646908700261967 ], [ 6.196233099744648, 50.65762579984856 ], [ 6.196577399738513, 50.659128299722809 ], [ 6.194750799575774, 50.663043600156279 ], [ 6.192421999846695, 50.664268199928927 ], [ 6.188019800406979, 50.664672400093806 ], [ 6.165833199638319, 50.662137300188213 ], [ 6.114696300255891, 50.722275600194692 ], [ 6.039437299875099, 50.718382699999424 ], [ 6.027642599857663, 50.774153200202967 ], [ 5.97789770019511, 50.805061100117342 ], [ 6.029376800208621, 50.813427100111788 ], [ 6.074339199554247, 50.778232100281024 ], [ 6.075682400092932, 50.807715199760665 ], [ 6.104814100003608, 50.813207999793676 ], [ 6.215138199696166, 50.80453759992853 ], [ 6.260349400036158, 50.778288400146302 ], [ 6.304377399671024, 50.787399300098521 ], [ 6.314343599588861, 50.771209600188101 ], [ 6.352948999859526, 50.788841599940376 ], [ 6.357247300153484, 50.760578800217615 ], [ 6.407617299693044, 50.774629800106979 ], [ 6.459682700448091, 50.740979700028248 ], [ 6.52805179956778, 50.782394799923303 ], [ 6.548936199805647, 50.755824599746873 ], [ 6.521114000135742, 50.724042999779947 ], [ 6.569923699688654, 50.68940519991321 ], [ 6.626405600164412, 50.734111199878669 ], [ 6.678956799943661, 50.713223500139307 ], [ 6.696831100174664, 50.75563859994066 ], [ 6.723996999681106, 50.745942299906623 ], [ 6.712938000118414, 50.73184130022603 ], [ 6.777966599768094, 50.717117199719574 ], [ 6.769896400258587, 50.687795100094512 ], [ 6.853220600126007, 50.696057799885459 ], [ 6.939446099646335, 50.731569700245878 ], [ 7.059299899775371, 50.638433899868517 ], [ 7.039808400267601, 50.604389700038922 ], [ 7.093969000150317, 50.586078800193725 ], [ 7.119135099815647, 50.612303599759038 ], [ 7.199644399994224, 50.568225800164363 ], [ 7.208662199957604, 50.5446797998069 ], [ 7.150841900438349, 50.513189499819163 ], [ 7.211366400254028, 50.492433900202478 ], [ 7.200393199682444, 50.473770799742333 ], [ 7.288839000411855, 50.471367299841475 ], [ 7.2958271001099, 50.435349700116596 ], [ 7.255897000103841, 50.42500779974673 ], [ 7.253718299875574, 50.414043999747143 ], [ 7.284642799938133, 50.417996600203288 ], [ 7.275526300277863, 50.398253999823474 ], [ 7.353579699894402, 50.328768300246125 ], [ 7.249165499675097, 50.311845499900969 ], [ 7.243475000235307, 50.2302186002659 ], [ 7.192553000326684, 50.211856700175787 ], [ 7.104634599602289, 50.215489500199418 ], [ 7.098130499602892, 50.165412499777773 ], [ 7.044073099976695, 50.157734699963747 ], [ 7.009938299566405, 50.172848999928931 ], [ 6.932942400295576, 50.157373899872205 ], [ 6.930318600115405, 50.142161700259436 ], [ 6.887821900154889, 50.151315400202122 ], [ 6.865767599668022, 50.122919300035392 ], [ 6.902570199741081, 50.086782400166214 ], [ 6.856004300426758, 50.093446899789399 ], [ 6.814323300388599, 50.063141600051054 ], [ 6.789027999629197, 50.096013199754637 ], [ 6.714809400162699, 50.070503799861328 ], [ 6.690553000131071, 50.096076499730025 ], [ 6.662982299994646, 50.094651000257478 ], [ 6.673777600003977, 50.068521699808962 ], [ 6.641631499851197, 50.043893499856637 ], [ 6.666888599753131, 50.018154099819739 ], [ 6.616375999848762, 49.988374799878265 ], [ 6.581443899708095, 49.992965999837999 ], [ 6.58925080031288, 50.01491970018926 ], [ 6.528850400058755, 50.041972700094227 ], [ 6.541379499770406, 50.096859199862088 ], [ 6.490469200418376, 50.082119599961388 ], [ 6.469015599768754, 50.098077600017042 ], [ 6.445733700242148, 50.050786299737837 ], [ 6.419050399960845, 50.05986310025812 ], [ 6.417677399609248, 50.033856099825087 ], [ 6.351997899569327, 50.025457299827266 ], [ 6.371557699784742, 49.986958699782029 ], [ 6.332813799958552, 49.956962999865674 ], [ 6.366193499897146, 49.943791500191622 ], [ 6.381465299901689, 49.879259699992318 ], [ 6.331002199864414, 49.855303200137811 ], [ 6.233903899980232, 49.900114099852644 ] ] ], [ [ [ 6.192972299704921, 50.530967600107061 ], [ 6.196386799693127, 50.531064799722238 ], [ 6.198930900442982, 50.527411400057439 ], [ 6.204406600121945, 50.525333100059605 ], [ 6.206315900088071, 50.521152099810671 ], [ 6.192972299704921, 50.530967600107061 ] ] ], [ [ [ 6.175911800357812, 50.558130399973628 ], [ 6.225261199648567, 50.590459199883149 ], [ 6.240574500022552, 50.587061799816702 ], [ 6.235286400015968, 50.566102600024649 ], [ 6.210553099671352, 50.554746899859758 ], [ 6.197983800350724, 50.540299900167184 ], [ 6.19743779982944, 50.536263299759781 ], [ 6.175911800357812, 50.558130399973628 ] ] ], [ [ [ 6.24848499973583, 50.597888899756946 ], [ 6.246193700178283, 50.59736950006797 ], [ 6.246743900323498, 50.598226600195105 ], [ 6.24848499973583, 50.597888899756946 ] ] ], [ [ [ 6.245521700158649, 50.640475300050234 ], [ 6.26928459990916, 50.625236700067553 ], [ 6.181799799802726, 50.623796400188574 ], [ 6.166688599706369, 50.643620400150574 ], [ 6.183377800193748, 50.646983000246536 ], [ 6.184730799555537, 50.641705299825915 ], [ 6.186292599728738, 50.640506100171557 ], [ 6.189033700122066, 50.639691999761844 ], [ 6.220744100294103, 50.640280999722258 ], [ 6.231078000420697, 50.648975399959497 ], [ 6.245521700158649, 50.640475300050234 ] ] ], [ [ [ 6.166034999878716, 50.661861799907847 ], [ 6.196150900302875, 50.658888999803438 ], [ 6.183861000391813, 50.647942100207793 ], [ 6.166034999878716, 50.661861799907847 ] ] ], [ [ [ 7.133140400135411, 49.946502800215647 ], [ 7.156881900219234, 49.951098700109483 ], [ 7.147616500309007, 49.942224400243184 ], [ 7.133140400135411, 49.946502800215647 ] ] ], [ [ [ 7.114677999837353, 49.995713499895629 ], [ 7.125984499633847, 50.024227199858316 ], [ 7.146825699889662, 49.995493299745675 ], [ 7.114677999837353, 49.995713499895629 ] ] ], [ [ [ 6.953778400204229, 50.079848599986114 ], [ 6.944571500381949, 50.134148800241377 ], [ 6.994675799820045, 50.136260200061315 ], [ 6.953778400204229, 50.079848599986114 ] ] ], [ [ [ 7.193344999996953, 51.065497799752826 ], [ 7.138602200181985, 51.066335300207996 ], [ 7.169221800359007, 51.110715100080952 ], [ 7.07342229998394, 51.134887300042287 ], [ 7.083733600294623, 51.176818500186798 ], [ 7.034894499780809, 51.21654150024564 ], [ 7.051658200249638, 51.232460100174862 ], [ 7.015396700387962, 51.247079800263762 ], [ 7.074525800360452, 51.270887899925654 ], [ 7.110771499754548, 51.261087300257046 ], [ 7.127818100367597, 51.280408799830319 ], [ 7.171421099855015, 51.278050499918571 ], [ 7.171484299928543, 51.298950700144218 ], [ 7.299816299996061, 51.313117099727421 ], [ 7.315724799822829, 51.36295820014017 ], [ 7.394550299629469, 51.353220800072627 ], [ 7.404061800198285, 51.396105999816129 ], [ 7.51176480004638, 51.418141000213346 ], [ 7.551414100169366, 51.468651100100452 ], [ 7.604407999602074, 51.475993300218221 ], [ 7.630008500284311, 51.45145810019374 ], [ 7.698975100340514, 51.474170699836037 ], [ 7.837493400146938, 51.478409400007031 ], [ 7.863948799637312, 51.457292299974661 ], [ 7.904830600008198, 51.491330099892743 ], [ 7.953923700066915, 51.466083300069357 ], [ 8.01172780026668, 51.46822499985749 ], [ 8.028033400364777, 51.526144599728205 ], [ 8.195989500116639, 51.533059199764075 ], [ 8.230101999849948, 51.519888199961656 ], [ 8.246487099952409, 51.580429199831975 ], [ 8.364822999677832, 51.592939099836357 ], [ 8.384289199932246, 51.581013699915708 ], [ 8.431339799631154, 51.598939499904716 ], [ 8.476042799658693, 51.568952399990771 ], [ 8.608628799601975, 51.631535999845013 ], [ 8.689056300089053, 51.604818299973374 ], [ 8.725644500151562, 51.61583590013479 ], [ 8.6683530002125, 51.659529400096019 ], [ 8.715755099902278, 51.682360000212036 ], [ 8.770557500241402, 51.679409999956725 ], [ 8.699077599971492, 51.732456600075636 ], [ 8.676092200184234, 51.789071299741153 ], [ 8.745760200322676, 51.801543399851035 ], [ 8.722767400214094, 51.820108500113953 ], [ 8.765686900347935, 51.833277500227972 ], [ 8.748343899708583, 51.858584200047986 ], [ 8.662473900377098, 51.851986500142985 ], [ 8.637914099748121, 51.878236099994631 ], [ 8.601493100414503, 51.853849999950512 ], [ 8.545470000097049, 51.92569849975235 ], [ 8.505990600140398, 51.914870800007286 ], [ 8.486859599946055, 51.945314299734598 ], [ 8.427189500373489, 51.944648699935271 ], [ 8.380684000185642, 51.974883500032099 ], [ 8.313875500191601, 51.967762300115211 ], [ 8.242433899593806, 52.012226700244348 ], [ 8.261353800187969, 52.047602400127722 ], [ 8.243421699656658, 52.080684000000865 ], [ 8.201414100028975, 52.087526599905033 ], [ 8.192916700397896, 52.072383900230754 ], [ 8.096278999997539, 52.057130099963196 ], [ 8.054136600076642, 52.06908609972988 ], [ 8.007736599832382, 52.115406099780799 ], [ 8.009234999607768, 52.175476299972367 ], [ 7.933726500241635, 52.176732099793945 ], [ 7.899284200221408, 52.200434600056823 ], [ 7.864953099955283, 52.197244699772078 ], [ 7.853098800312019, 52.218863999978268 ], [ 7.767942000434049, 52.214158399802102 ], [ 7.700341599584417, 52.176817200069088 ], [ 7.649370399846031, 52.203103199817043 ], [ 7.680595200419854, 52.254388499956953 ], [ 7.603644700206837, 52.341534800128727 ], [ 7.684592999878229, 52.323082099881653 ], [ 7.730041599794993, 52.335221199869324 ], [ 7.762112999642037, 52.287044600217698 ], [ 7.98955179961837, 52.208195800223372 ], [ 8.01274869965445, 52.232708599764159 ], [ 8.082047600008993, 52.240231200105647 ], [ 8.117198400395482, 52.22156540018392 ], [ 8.121715499749946, 52.260724000172146 ], [ 8.18022250021847, 52.282253700217872 ], [ 8.097352800274082, 52.307446700121133 ], [ 8.094582100392126, 52.36104290008138 ], [ 8.119256299675902, 52.378219199734453 ], [ 8.173298100057204, 52.351621199899853 ], [ 8.165635500328067, 52.321545699942639 ], [ 8.248887700225493, 52.321087799944145 ], [ 8.355508499650821, 52.273199599746398 ], [ 8.459674700173037, 52.283212600247602 ], [ 8.451288099647387, 52.366796600094823 ], [ 8.702567100302765, 52.332641100075236 ], [ 8.694324000253884, 52.358381899931487 ], [ 8.723074200036461, 52.370551999836742 ], [ 8.708147000063114, 52.383437899900535 ], [ 8.72500859982992, 52.400848499950122 ], [ 8.80605409990998, 52.38158360026204 ], [ 8.823261799894503, 52.348797200045638 ], [ 8.866175099856243, 52.337213999910766 ], [ 8.792076100290073, 52.262801600255223 ], [ 8.870087200036521, 52.246601000018359 ], [ 8.77232549970492, 52.207727299938711 ], [ 8.712017999624191, 52.251933500238167 ], [ 8.663644099765099, 52.209099800108795 ], [ 8.671439400424632, 52.168108399819154 ], [ 8.754599900297848, 52.145311600206327 ], [ 8.72336360039008, 52.10744869983224 ], [ 8.773790899868329, 52.090051500030533 ], [ 8.738605800007663, 52.068572799819179 ], [ 8.799613100271099, 52.024996900193223 ], [ 8.856249200158658, 52.056320699756427 ], [ 8.827224900128426, 52.074408200132993 ], [ 8.867322400289366, 52.103132300141567 ], [ 8.908769000225462, 52.068801799825657 ], [ 8.9678327001503, 52.06023320018663 ], [ 9.032882599753655, 52.076114299858993 ], [ 9.075037199694432, 52.038623599919575 ], [ 9.176200399595444, 52.043024399780414 ], [ 9.200053700406295, 51.995727000184154 ], [ 9.274609999944284, 52.012585899838015 ], [ 9.33296300042703, 51.990357000079484 ], [ 9.366120699709498, 51.942386500012219 ], [ 9.30807649959722, 51.930686599739751 ], [ 9.344413599876557, 51.880099999916979 ], [ 9.250618600226511, 51.775112000042171 ], [ 9.286672999787616, 51.736863199817932 ], [ 9.238081400405934, 51.663173099790356 ], [ 9.279654899952337, 51.617665199961699 ], [ 9.301838399736615, 51.625293900082248 ], [ 9.373609600296973, 51.591475599909309 ], [ 9.316417100092099, 51.552576900132685 ], [ 9.308484400313251, 51.512364299948736 ], [ 9.225178299702153, 51.489755000177084 ], [ 9.216290999796712, 51.459894999850363 ], [ 9.103144900131289, 51.443074299820154 ], [ 9.064775700186503, 51.465925599845498 ], [ 9.065357099719844, 51.442627799794352 ], [ 9.03670279958544, 51.435411999773443 ], [ 8.921632999959883, 51.445938700015127 ], [ 8.951625300285807, 51.413296600048248 ], [ 8.937842400372546, 51.365243600203023 ], [ 8.992149999669989, 51.334690099867622 ], [ 9.04489370032978, 51.335514000198316 ], [ 9.047905299624867, 51.314159199850714 ], [ 8.947531099919347, 51.285199300203956 ], [ 8.9573341002046, 51.234479399909212 ], [ 8.872768799618701, 51.245664099833782 ], [ 8.874735100384552, 51.197281399950263 ], [ 8.82239019960863, 51.142901399725879 ], [ 8.813673000193813, 51.121643899774597 ], [ 8.857948100312207, 51.116302800111896 ], [ 8.836158100351591, 51.090691399854769 ], [ 8.867716699613645, 51.090494899963787 ], [ 8.879911099626845, 51.056840100079619 ], [ 8.926259799780194, 51.049547799973546 ], [ 8.879572399730451, 51.044807500245085 ], [ 8.871830999784594, 51.011969100006311 ], [ 8.825188699653696, 50.995549899881112 ], [ 8.748156500360523, 50.988903599875151 ], [ 8.708212899574052, 50.928735499757479 ], [ 8.637233200118976, 50.932051199814339 ], [ 8.595092499810589, 50.912407000030093 ], [ 8.652243499645953, 50.772464199822217 ], [ 8.588692399568291, 50.735588099904135 ], [ 8.547040399842464, 50.736782100067764 ], [ 8.549777899788157, 50.70826290007178 ], [ 8.57868929955348, 50.705651799926109 ], [ 8.524950700343506, 50.634162500154375 ], [ 8.491020899972675, 50.62440279983899 ], [ 8.454486700336819, 50.666099500141812 ], [ 8.380868100021665, 50.660549899920063 ], [ 8.304596600399295, 50.602912200091389 ], [ 8.363040600220344, 50.582822099884545 ], [ 8.276514800188718, 50.549994600002933 ], [ 8.25818310027292, 50.574122199739556 ], [ 8.238186300214494, 50.57809600008683 ], [ 8.231987300424953, 50.585027599839528 ], [ 8.227279200376467, 50.585679000077931 ], [ 8.205299300158069, 50.564600299824455 ], [ 8.232314500089105, 50.537623600244878 ], [ 8.160748299568139, 50.542802600118506 ], [ 8.171115200205007, 50.4731728998931 ], [ 8.212553300281899, 50.459660399867907 ], [ 8.203954700044175, 50.444695400111797 ], [ 8.134904599785669, 50.427406300181779 ], [ 8.081533200422802, 50.445897599763498 ], [ 8.04768250030599, 50.423900700063768 ], [ 7.990581899551314, 50.444012700018241 ], [ 7.965682600423657, 50.401209799801585 ], [ 7.934081100318585, 50.415552199986294 ], [ 7.883254600307826, 50.402102500106729 ], [ 7.885437500160057, 50.383202799993072 ], [ 7.85679389985898, 50.391595999784684 ], [ 7.880649300032614, 50.375313699862637 ], [ 7.863633400242732, 50.347435100140522 ], [ 7.773605400396666, 50.364252499794048 ], [ 7.793145699983923, 50.388292800273241 ], [ 7.751256999570633, 50.383708299795813 ], [ 7.731901099856693, 50.448735099806221 ], [ 7.703253099607368, 50.438110600223752 ], [ 7.647518600142948, 50.46007269976743 ], [ 7.626578899616196, 50.442595499903803 ], [ 7.564742899909872, 50.483096200230364 ], [ 7.514191100221461, 50.484182200228858 ], [ 7.521407399849435, 50.503063100209722 ], [ 7.481483100265168, 50.474466399824173 ], [ 7.43770519969024, 50.507151499770814 ], [ 7.448624300122128, 50.548295100087408 ], [ 7.416052100283984, 50.539144099892283 ], [ 7.397910400339011, 50.56178019994293 ], [ 7.455419800124949, 50.546788699908788 ], [ 7.503935400236993, 50.573111699955369 ], [ 7.431065400184035, 50.591919199779127 ], [ 7.34558340029175, 50.5576289000103 ], [ 7.323283800443503, 50.60037929978381 ], [ 7.354666600302751, 50.606116799772366 ], [ 7.366688999888534, 50.618467999943427 ], [ 7.314410899633773, 50.638307600229275 ], [ 7.357747200093123, 50.648813299903523 ], [ 7.368127800038058, 50.697877699899301 ], [ 7.228025299668546, 50.752343599836138 ], [ 7.24281849974756, 50.790418200078356 ], [ 7.27797259964609, 50.790002099823518 ], [ 7.309833199930249, 50.819167299913062 ], [ 7.281096100279479, 50.827510800163651 ], [ 7.299861399914905, 50.855554699965865 ], [ 7.275407400165174, 50.863429899968708 ], [ 7.306563200243713, 50.885899600038151 ], [ 7.300301100093657, 50.90673169985746 ], [ 7.196317899869581, 50.931975599856365 ], [ 7.254573699943625, 50.973375999854831 ], [ 7.195660899918547, 51.009773799835877 ], [ 7.193344999996953, 51.065497799752826 ] ] ], [ [ [ 7.422990799827948, 50.103313499835522 ], [ 7.40272000013311, 50.099546899910557 ], [ 7.422438200282586, 50.118824000070568 ], [ 7.422990799827948, 50.103313499835522 ] ] ], [ [ [ 7.35761529956164, 50.131847899747207 ], [ 7.391560199714083, 50.129733299776099 ], [ 7.403933500114436, 50.103759199827195 ], [ 7.348448300209337, 50.115697599807525 ], [ 7.35761529956164, 50.131847899747207 ] ] ], [ [ [ 7.270707400225614, 50.249144800215738 ], [ 7.297940899753836, 50.288445299715292 ], [ 7.331223199857771, 50.275196400239466 ], [ 7.344848899986196, 50.244488799982165 ], [ 7.311434599637797, 50.219317200063863 ], [ 7.270707400225614, 50.249144800215738 ] ] ], [ [ [ 7.550998299668758, 47.744054900237394 ], [ 7.573563700229776, 47.775553699848345 ], [ 7.616381999756973, 47.774575700257962 ], [ 7.619563999579944, 47.757227299812442 ], [ 7.650111200036664, 47.767759399983987 ], [ 7.652767000003873, 47.794409800142525 ], [ 7.691995900251978, 47.785241600257791 ], [ 7.658927100046669, 47.810653700119182 ], [ 7.700774600127782, 47.808697700111018 ], [ 7.698977199703365, 47.83327129976076 ], [ 7.658862699823953, 47.846314599823053 ], [ 7.720300400008024, 47.889979700271475 ], [ 7.706919100027351, 47.943193100009438 ], [ 7.72883529981067, 47.953963800131277 ], [ 7.780929300229408, 47.93580830007263 ], [ 7.76558370003102, 47.956438599830726 ], [ 7.825319499688503, 47.972215800162431 ], [ 7.806124700244367, 47.986091400206149 ], [ 7.841755500131598, 48.013098199704778 ], [ 7.789973299558069, 48.036046600145369 ], [ 7.796339100326193, 48.060955099876324 ], [ 7.865604199771514, 48.056945100175476 ], [ 7.817162999927976, 48.135977200172562 ], [ 7.878382699653828, 48.169422600240502 ], [ 7.859326000014944, 48.204999799912734 ], [ 7.941413899760839, 48.206589200140904 ], [ 7.848581000271619, 48.233939900193704 ], [ 7.814951200374757, 48.22448069975696 ], [ 7.760384599712871, 48.276947800245225 ], [ 7.891956900265352, 48.270277599953047 ], [ 7.898557199950186, 48.302269100255131 ], [ 7.976427999917256, 48.349811600020296 ], [ 7.990404999712296, 48.252606499795384 ], [ 8.051241900346142, 48.221550600142614 ], [ 8.141462899637709, 48.292541200020139 ], [ 8.154127300004223, 48.338584899895153 ], [ 8.0541199003955, 48.381138500296089 ], [ 8.093463999697354, 48.452760499781618 ], [ 8.042103799796532, 48.456651899758668 ], [ 7.96949150034745, 48.503298900010833 ], [ 7.992482399620907, 48.52021729977649 ], [ 8.033260800309321, 48.50771659979425 ], [ 8.004547300299398, 48.565681100062228 ], [ 8.090601299753892, 48.569579000016894 ], [ 8.102265099963045, 48.62388859993937 ], [ 8.06601820041973, 48.654690300170401 ], [ 8.121755199895604, 48.649081399986166 ], [ 8.147946700406628, 48.665415299955157 ], [ 8.101951199856689, 48.692641600127949 ], [ 8.087882299713156, 48.681060899872385 ], [ 8.074437499621693, 48.720016000184657 ], [ 8.040683999913549, 48.691233399996513 ], [ 8.035520100079829, 48.719567300001643 ], [ 8.114933799666503, 48.758294299862854 ], [ 8.137902300346664, 48.739584500135507 ], [ 8.189462299939713, 48.742559099872601 ], [ 8.253784000020957, 48.791537099949778 ], [ 8.235130999677478, 48.848875899810984 ], [ 8.295279099999243, 48.850788300058255 ], [ 8.296360700347416, 48.913563499923022 ], [ 8.348375000437507, 48.923366399899358 ], [ 8.360915199732828, 48.974259800163487 ], [ 8.390312400319011, 48.957605700270094 ], [ 8.478279999974871, 48.982013200112981 ], [ 8.494988599580804, 48.958010000239746 ], [ 8.519863699891349, 49.031076099837023 ], [ 8.685385299646226, 49.09062539986099 ], [ 8.640977399782757, 49.141607700262362 ], [ 8.715947299847226, 49.177758999836264 ], [ 8.677586599761645, 49.205196000193716 ], [ 8.69485260040809, 49.231900899865707 ], [ 8.724152400261254, 49.237684900220614 ], [ 8.752862100397556, 49.20551449972367 ], [ 8.813359899588074, 49.201331400268536 ], [ 8.863392700316057, 49.174366999974033 ], [ 9.00301409985032, 49.179445499732331 ], [ 8.940289500139686, 49.161818800181209 ], [ 8.961776500151592, 49.127695100125429 ], [ 8.944962999778371, 49.108324000223952 ], [ 8.999019399579666, 49.094917099987299 ], [ 8.971024000231454, 49.041638000003452 ], [ 9.089672500201035, 48.980901400119826 ], [ 9.094510699658827, 48.950470499884403 ], [ 9.014367700113796, 48.915714599998815 ], [ 9.063913199834429, 48.867364799978269 ], [ 9.054250500226885, 48.843829200032616 ], [ 9.09355750000581, 48.83552340015342 ], [ 9.087422300364357, 48.761822400286434 ], [ 9.124839400194039, 48.757670299757919 ], [ 9.132095700005005, 48.720281100043941 ], [ 9.167779199558359, 48.70700809983169 ], [ 9.102457299968426, 48.709181000146103 ], [ 9.112805399764708, 48.68995909978225 ], [ 9.085268399926161, 48.675362600274568 ], [ 9.12804659955739, 48.676794400122525 ], [ 9.171782399688214, 48.63444279989838 ], [ 9.222760500284606, 48.623755400005685 ], [ 9.255675599643137, 48.640726900129017 ], [ 9.270306800238755, 48.665957900220754 ], [ 9.244912700069451, 48.694668900056641 ], [ 9.31193780004817, 48.709897699810377 ], [ 9.257564000304159, 48.736018800065395 ], [ 9.276005900149123, 48.769869300059462 ], [ 9.385615499627603, 48.770145600004334 ], [ 9.390342500229654, 48.788138399812041 ], [ 9.41774230037484, 48.758073500174319 ], [ 9.471477500359798, 48.774186500058832 ], [ 9.54747919996972, 48.74030379982181 ], [ 9.581417899950097, 48.750230900221943 ], [ 9.573299699861685, 48.779363400107194 ], [ 9.714445500008923, 48.770341200040654 ], [ 9.722757199904486, 48.815097099892206 ], [ 9.77941769983177, 48.82910340000771 ], [ 9.808074299653311, 48.812240500042705 ], [ 9.803915099887837, 48.867624200076442 ], [ 9.856317400315461, 48.878228099954676 ], [ 9.846769800048651, 48.837874899964049 ], [ 9.894563699949614, 48.821243600115913 ], [ 9.906696700113171, 48.770183899947604 ], [ 9.942770300265135, 48.761579600048968 ], [ 9.882593099918097, 48.751093499790137 ], [ 9.90284879983129, 48.715930499860249 ], [ 9.838180700393364, 48.730270400020487 ], [ 9.80216759997912, 48.717409699709386 ], [ 9.78314850022478, 48.735515600252825 ], [ 9.760290600122389, 48.709922899769602 ], [ 9.776443700421227, 48.689660999785779 ], [ 9.695270999795266, 48.669677599751573 ], [ 9.676424499644639, 48.627813499899268 ], [ 9.598319400186847, 48.621878500196395 ], [ 9.531327999607708, 48.55528599992931 ], [ 9.482311900440193, 48.554416199732657 ], [ 9.466945700075735, 48.585217399973345 ], [ 9.40269430035201, 48.554919799945154 ], [ 9.407081300297106, 48.535743400205043 ], [ 9.379009500132286, 48.534684399775266 ], [ 9.402292100344793, 48.523823799922951 ], [ 9.367253600148581, 48.508443800182029 ], [ 9.33801930005605, 48.513942200122706 ], [ 9.309853500179885, 48.492530599940906 ], [ 9.25283379990308, 48.510490599914718 ], [ 9.170356200207143, 48.456164500180719 ], [ 9.209302900098667, 48.419586999805247 ], [ 9.150449599986406, 48.418773900175431 ], [ 9.130465399698137, 48.371504900256852 ], [ 9.044037300436829, 48.373001299983258 ], [ 9.062217500378271, 48.358545400261193 ], [ 9.015740699567097, 48.331819499808873 ], [ 9.025506900366716, 48.309708800085495 ], [ 8.975973200017323, 48.315199000168114 ], [ 8.930011900126914, 48.239084400051425 ], [ 8.88561960040667, 48.219585999947206 ], [ 8.827401499930115, 48.213975100112897 ], [ 8.798291199686126, 48.245083299958189 ], [ 8.76508070012623, 48.22229199985464 ], [ 8.709461699752787, 48.232266200235543 ], [ 8.744275000392108, 48.200951899979344 ], [ 8.667346199883074, 48.153883199744328 ], [ 8.720977300397987, 48.096423200272781 ], [ 8.702344300146022, 48.064118100126159 ], [ 8.674726099792307, 48.063019300170879 ], [ 8.669403599700209, 48.094677200172505 ], [ 8.639604599755444, 48.102177600239294 ], [ 8.596767500285994, 48.071136500088585 ], [ 8.567188000087636, 48.079740100030982 ], [ 8.542816499816976, 48.113672699924329 ], [ 8.558271300119593, 48.129854000077401 ], [ 8.517627800335701, 48.166744300160914 ], [ 8.478976600358587, 48.170351999755013 ], [ 8.492561899655449, 48.191412700081074 ], [ 8.425608900258068, 48.207971400253491 ], [ 8.384249199749256, 48.192340699731503 ], [ 8.353619799850799, 48.240973099901474 ], [ 8.386812800229006, 48.253749199879849 ], [ 8.40502900015543, 48.323200800089857 ], [ 8.444575400059263, 48.300512700079786 ], [ 8.499388299907396, 48.320838100122799 ], [ 8.485450199859136, 48.342616900181248 ], [ 8.421062399942667, 48.351263300239609 ], [ 8.441235100015207, 48.400471199935218 ], [ 8.390338299646961, 48.374903899991452 ], [ 8.367495399613206, 48.418899300082991 ], [ 8.379275899960923, 48.436391600094858 ], [ 8.44998340000347, 48.432266299779293 ], [ 8.489667499962247, 48.449712699703603 ], [ 8.456163299813426, 48.459378800256431 ], [ 8.483510599718478, 48.48358999994457 ], [ 8.466906699657251, 48.522101100054208 ], [ 8.491535299558864, 48.520113899827663 ], [ 8.471055099876352, 48.53058089976836 ], [ 8.504907199568409, 48.557161800216598 ], [ 8.54653999960164, 48.552548200203809 ], [ 8.562700200184505, 48.568133900150357 ], [ 8.538780300075143, 48.58859309973284 ], [ 8.570425699949837, 48.613217599828388 ], [ 8.543629200264625, 48.661390599720562 ], [ 8.560250000331314, 48.718029799744386 ], [ 8.624546899724157, 48.772017000219527 ], [ 8.530134600268736, 48.784984699881406 ], [ 8.500603900149869, 48.819695300287968 ], [ 8.438401999560341, 48.812168399878324 ], [ 8.416793700035633, 48.835903900196499 ], [ 8.381145000318071, 48.833419300269362 ], [ 8.408829799970329, 48.812176300258322 ], [ 8.387196099682626, 48.790418000184467 ], [ 8.281314799687369, 48.767702700242531 ], [ 8.320250799745532, 48.707739100289992 ], [ 8.245130100392643, 48.659067099793475 ], [ 8.247460199983925, 48.602832099788507 ], [ 8.164961400047321, 48.604148099743327 ], [ 8.147284299784113, 48.595358499965805 ], [ 8.212633700398152, 48.558162500118499 ], [ 8.242127999883365, 48.491916900297447 ], [ 8.169380399779454, 48.414888599823165 ], [ 8.218109400077113, 48.40140270020656 ], [ 8.169301599562731, 48.351983400272111 ], [ 8.24013519971497, 48.225290100256423 ], [ 8.185575400198111, 48.206534499982617 ], [ 8.123744299903354, 48.130518199771394 ], [ 8.02069990023662, 48.116901800131856 ], [ 8.015693200187707, 48.064102999701291 ], [ 7.921200600329012, 48.064941599975313 ], [ 7.90950439968418, 47.91544839996827 ], [ 7.767169900243982, 47.876618600141391 ], [ 7.755060900369878, 47.858309700082913 ], [ 7.767521400234849, 47.802041399722171 ], [ 7.834107700146743, 47.821893399990451 ], [ 7.850033799766544, 47.753127400249724 ], [ 7.877345300010903, 47.733565900148434 ], [ 7.879619800174297, 47.74662180008189 ], [ 7.889957500174549, 47.755687400270936 ], [ 7.892856899890629, 47.754141799774629 ], [ 7.902747099640498, 47.706790299956829 ], [ 7.957677500026143, 47.730165799871664 ], [ 7.980812599563939, 47.712563999809056 ], [ 7.96784170031072, 47.689852500081621 ], [ 7.99027629987817, 47.691819900132053 ], [ 8.007351800192209, 47.720294899741049 ], [ 8.074209100265774, 47.715115299839411 ], [ 8.085046600432186, 47.747864899776523 ], [ 8.144783199590284, 47.74712860001393 ], [ 8.101686600191437, 47.714243699961429 ], [ 8.117529399933289, 47.676276200025157 ], [ 8.088223399908026, 47.612125699913555 ], [ 8.021827799754529, 47.622686700193583 ], [ 7.999549000396676, 47.586580999988399 ], [ 7.838563200225541, 47.582624400246701 ], [ 7.836737999638013, 47.6167983998672 ], [ 7.786221500146977, 47.620129699758536 ], [ 7.793005400204547, 47.671137399731137 ], [ 7.764883400384994, 47.622470499716506 ], [ 7.718975299623989, 47.62554899988595 ], [ 7.718267700267947, 47.710965599746459 ], [ 7.688655699920935, 47.746720900041716 ], [ 7.620562399763146, 47.724460899801279 ], [ 7.550998299668758, 47.744054900237394 ] ], [ [ 8.245705200040904, 48.776532499914538 ], [ 8.241968800448722, 48.776192400109821 ], [ 8.244464199933768, 48.775412700255146 ], [ 8.245705200040904, 48.776532499914538 ] ] ], [ [ [ 8.12230100009257, 47.676359099831167 ], [ 8.150986799652395, 47.746322900176352 ], [ 8.299704699653784, 47.733511399938187 ], [ 8.29880909997679, 47.778936300218675 ], [ 8.336222399932783, 47.766074900198547 ], [ 8.358777699836772, 47.789330699818308 ], [ 8.402680999835487, 47.780860800180534 ], [ 8.422153499974979, 47.798615899841543 ], [ 8.442479500245692, 47.781146099776819 ], [ 8.433281599745936, 47.820617600238606 ], [ 8.506066900345665, 47.830424500004391 ], [ 8.491991599705747, 47.796980599782707 ], [ 8.530214500023373, 47.786936799756795 ], [ 8.457120900313054, 47.749951099761674 ], [ 8.454925999866965, 47.722461500079703 ], [ 8.404648000388912, 47.698030500213548 ], [ 8.420772899876038, 47.683882000101072 ], [ 8.347164400217912, 47.680289500182539 ], [ 8.334748000446849, 47.638838599814505 ], [ 8.226592399714221, 47.605072300115452 ], [ 8.212139999792713, 47.620566900192031 ], [ 8.185167399769101, 47.61296470005162 ], [ 8.12230100009257, 47.676359099831167 ] ] ], [ [ [ 8.220226999594704, 49.579314800148858 ], [ 8.199995999758535, 49.55506789985855 ], [ 8.196794899955975, 49.573285799892936 ], [ 8.220226999594704, 49.579314800148858 ] ] ], [ [ [ 8.766845300364695, 49.381341500260973 ], [ 8.697489100071429, 49.379506700005876 ], [ 8.693956399758173, 49.411007200068909 ], [ 8.619947699742635, 49.444902599834265 ], [ 8.646495700267439, 49.459557799760582 ], [ 8.63846499968094, 49.490207700241562 ], [ 8.746261600388401, 49.494664900095167 ], [ 8.766397500077016, 49.514796300140787 ], [ 8.702615300307659, 49.53527690024444 ], [ 8.680313300160968, 49.575870900205857 ], [ 8.698335400205648, 49.599644800251959 ], [ 8.668926700285551, 49.61283150028801 ], [ 8.692664800246027, 49.623590499977773 ], [ 8.597756000136417, 49.611042200018559 ], [ 8.5888900998977, 49.646058899794987 ], [ 8.713318799681476, 49.680394600098715 ], [ 8.701642399702132, 49.697846199844932 ], [ 8.657640000256217, 49.699681400074802 ], [ 8.673780799923902, 49.725195799872445 ], [ 8.641463000279233, 49.727349199953593 ], [ 8.61824839983881, 49.772344899820055 ], [ 8.678142099967035, 49.806983900068587 ], [ 8.661578200088764, 49.876553900270245 ], [ 8.699342699998361, 49.920768299858793 ], [ 8.739106599998761, 49.929920200126034 ], [ 8.726273300189179, 49.953804199742407 ], [ 8.744661900293393, 49.960133599901354 ], [ 8.796764599997358, 49.941016500262876 ], [ 8.76317640018298, 49.902559499838965 ], [ 8.840740299716378, 49.886399399923761 ], [ 8.861864300403438, 49.86232539996081 ], [ 8.892007900379395, 49.867025600261243 ], [ 8.937784200321895, 49.813998499755307 ], [ 8.999383999702374, 49.823694300017948 ], [ 9.004098699673236, 49.856346399739145 ], [ 9.063968400410339, 49.831798200140113 ], [ 9.08526089989186, 49.84767529975214 ], [ 9.090619399968974, 49.790747899804771 ], [ 9.132152900230718, 49.794192599910794 ], [ 9.106888499720441, 49.758742999962834 ], [ 9.150579499969753, 49.742675299728312 ], [ 9.121793300202162, 49.710218399927705 ], [ 9.158606200358275, 49.679726199874651 ], [ 9.209785800259434, 49.671668100206368 ], [ 9.224367200052329, 49.687365700226643 ], [ 9.226064699732337, 49.664941299858157 ], [ 9.367443600119406, 49.655237699876729 ], [ 9.45284179977209, 49.605044800188139 ], [ 9.471064799945241, 49.562911800201988 ], [ 9.452462399905102, 49.548165599711083 ], [ 9.481691900299076, 49.538220900197274 ], [ 9.521265900041698, 49.434523400179707 ], [ 9.447634399919023, 49.405052900246204 ], [ 9.443462199734755, 49.364353100134849 ], [ 9.385891799849416, 49.365768099988451 ], [ 9.353008199916339, 49.34412939984577 ], [ 9.312833399725196, 49.356450899829895 ], [ 9.24184419968765, 49.297426199732193 ], [ 9.179086300327777, 49.334755000069272 ], [ 9.196933399571936, 49.343394600279545 ], [ 9.156950999650029, 49.403808100111547 ], [ 9.184799800232117, 49.417501599929714 ], [ 9.127840100229742, 49.427012000273848 ], [ 9.151275800316137, 49.443562199762333 ], [ 9.136270299589386, 49.460751399969908 ], [ 9.114597800166248, 49.427971599877459 ], [ 9.05341439956441, 49.41422750027548 ], [ 9.056160899730925, 49.428050700267882 ], [ 8.982833100242862, 49.418666599714001 ], [ 8.951219700155242, 49.451149599981264 ], [ 8.904020299919424, 49.445624499741335 ], [ 8.894435900166984, 49.423797299912138 ], [ 8.892341499641638, 49.421032500020551 ], [ 8.88569110001508, 49.416660099714058 ], [ 8.83210540035464, 49.454897000112538 ], [ 8.834987900065293, 49.427901599921896 ], [ 8.766845300364695, 49.381341500260973 ] ] ], [ [ [ 9.44779010041564, 49.822352299829802 ], [ 9.426805999757683, 49.798906399945572 ], [ 9.349908999609733, 49.83763709981524 ], [ 9.318039799753361, 49.832612699803825 ], [ 9.287909099584887, 49.866978899841598 ], [ 9.24541780029582, 49.859311099996674 ], [ 9.281136699759593, 49.900247300239577 ], [ 9.26999869965586, 49.934120999827357 ], [ 9.305919800008601, 49.947445299993895 ], [ 9.273977199708691, 49.969575300052384 ], [ 9.297040000137461, 49.986465400167539 ], [ 9.279490299846211, 50.004337500016263 ], [ 9.246401999911006, 50.005444999978536 ], [ 9.311697799848666, 50.056537899878549 ], [ 9.272431500040335, 50.066427900139942 ], [ 9.21653210043246, 50.052065999731084 ], [ 9.213334000104611, 50.14665950026081 ], [ 9.401579800104873, 50.132236700151907 ], [ 9.370924800017432, 50.181544099995939 ], [ 9.407589600322536, 50.176682900182648 ], [ 9.420158299568538, 50.192992900201766 ], [ 9.465266599689377, 50.180954800000109 ], [ 9.45043340032567, 50.194892299910833 ], [ 9.464009499975726, 50.214080499851235 ], [ 9.505554600182723, 50.214321999768224 ], [ 9.501344700400933, 50.243142300158262 ], [ 9.58289029978619, 50.221331000085613 ], [ 9.663561700059473, 50.234064899822343 ], [ 9.648565399877862, 50.266081199767321 ], [ 9.727523599716568, 50.294968999833877 ], [ 9.790182699666572, 50.22414339973961 ], [ 9.859572799683704, 50.217227800207795 ], [ 9.850133600020541, 50.152874799990464 ], [ 9.786059000422826, 50.140058599965982 ], [ 9.806199999847296, 50.091780099872061 ], [ 9.757667900378463, 50.112766799824691 ], [ 9.706623799659791, 50.073348500082211 ], [ 9.672684199567525, 50.094498599986373 ], [ 9.626764499759599, 50.059950399722261 ], [ 9.557260300226666, 50.065680500032826 ], [ 9.61307970036693, 50.017770200220426 ], [ 9.673981199751152, 50.035214600200398 ], [ 9.679299899969598, 50.020970100182296 ], [ 9.619609699694246, 49.998184999868236 ], [ 9.587751399995554, 49.910499199861086 ], [ 9.51609049997567, 49.934571699783064 ], [ 9.596581000211957, 49.888621499921065 ], [ 9.596997499601875, 49.850805900133828 ], [ 9.546129700444256, 49.86690339994297 ], [ 9.543039099709832, 49.842653199941196 ], [ 9.494386599941791, 49.816759899843341 ], [ 9.44779010041564, 49.822352299829802 ] ] ], [ [ [ 11.309276899567635, 51.656003899725974 ], [ 11.351565299976688, 51.64866549974294 ], [ 11.346885699878914, 51.610612400109652 ], [ 11.478060000048142, 51.63495370018682 ], [ 11.515324000003938, 51.618317400127872 ], [ 11.482044299624436, 51.582355800152072 ], [ 11.446718699660039, 51.583451399943932 ], [ 11.438739900137444, 51.528189600095153 ], [ 11.381133200229792, 51.534267400177384 ], [ 11.385665299652855, 51.486306600072247 ], [ 11.314932699782977, 51.414353500048328 ], [ 11.259859399893521, 51.429700200184193 ], [ 11.227974299856623, 51.486442500149771 ], [ 11.147870100345324, 51.469294600260021 ], [ 11.136029800047426, 51.441429300094995 ], [ 11.028510699711035, 51.461656900227517 ], [ 11.013170100433822, 51.434528200066666 ], [ 10.966827799878562, 51.432347099764208 ], [ 10.972611399816135, 51.482133699919807 ], [ 10.926733999878268, 51.52091039992299 ], [ 10.939886899604691, 51.541951700182445 ], [ 10.910541099720792, 51.555550400019719 ], [ 10.903060999928147, 51.532834299950473 ], [ 10.816640799553117, 51.54774979976073 ], [ 10.770577499555412, 51.534738900159489 ], [ 10.741057599881248, 51.565185499893857 ], [ 10.721145200137016, 51.560899200189169 ], [ 10.754165600013112, 51.584138100012083 ], [ 10.731011200171444, 51.611612699897655 ], [ 10.776549099813938, 51.607396599811324 ], [ 10.756628500247801, 51.641615899943304 ], [ 10.650901599988662, 51.642274700223702 ], [ 10.626920500353942, 51.67021069980251 ], [ 10.575067599672588, 51.675283499823749 ], [ 10.502275000261173, 51.607431500076494 ], [ 10.503523800439908, 51.562258499922656 ], [ 10.432549799896984, 51.592351699893989 ], [ 10.368300900184682, 51.592650700033651 ], [ 10.406173199725034, 51.638974899802299 ], [ 10.357557300016602, 51.660286500196953 ], [ 10.458661699792373, 51.696002899870294 ], [ 10.449294599812214, 51.706561600217142 ], [ 10.358940199802614, 51.698226099859312 ], [ 10.312855299813933, 51.67154580025197 ], [ 10.292665299985655, 51.690121899775683 ], [ 10.207633400068154, 51.667530900276034 ], [ 10.144005699747895, 51.683047999898427 ], [ 10.114313699933234, 51.714454300098225 ], [ 10.148534099908611, 51.753646100211142 ], [ 10.205222399999005, 51.751376700021858 ], [ 10.243602100351159, 51.773182000054433 ], [ 10.245985900331831, 51.812289600266411 ], [ 10.277124300043324, 51.815004200201038 ], [ 10.271651400413081, 51.90913149978978 ], [ 10.316835099728966, 51.931470200172505 ], [ 10.259111999720048, 51.957867300155463 ], [ 10.346508899675962, 51.987934100079244 ], [ 10.406997400404926, 51.95586580013493 ], [ 10.463087000307947, 51.967413399894077 ], [ 10.462628899937215, 51.937521899925358 ], [ 10.575498899705112, 51.926326299881858 ], [ 10.610739599891994, 51.914288000171716 ], [ 10.607945199757884, 51.895966399881281 ], [ 10.627070699567767, 51.917234800060804 ], [ 10.647968599687681, 51.908258100156715 ], [ 10.633027200044681, 51.872877299967733 ], [ 10.576266699659941, 51.843273000234902 ], [ 10.591333999986643, 51.76743039973806 ], [ 10.70208999978632, 51.752200100061977 ], [ 10.689803299674319, 51.782705900167905 ], [ 10.840451099807908, 51.791309999760031 ], [ 10.900494399973692, 51.816406000253949 ], [ 10.886884699738768, 51.834563499867009 ], [ 10.917306000410083, 51.845327500191864 ], [ 10.927105400247669, 51.830369599791098 ], [ 11.058150099572515, 51.838156200272124 ], [ 11.097497500183003, 51.820030800007565 ], [ 11.088524400388158, 51.796724700049829 ], [ 11.077296999947386, 51.802754499839786 ], [ 11.05527769962063, 51.791066100203494 ], [ 11.102421799567562, 51.785105500244299 ], [ 11.10992529957503, 51.751061699936329 ], [ 11.13724719961542, 51.744721300148029 ], [ 11.216965299624345, 51.756090100042918 ], [ 11.253160299900452, 51.799721799932094 ], [ 11.273132199557535, 51.794395699728526 ], [ 11.306816800279996, 51.73217579999114 ], [ 11.247492100239244, 51.691328399970892 ], [ 11.207166599574364, 51.687896500073833 ], [ 11.205867100277612, 51.670438499759342 ], [ 11.296773900406551, 51.685097999917083 ], [ 11.316121000223957, 51.713211400121118 ], [ 11.358013300186585, 51.687606200253867 ], [ 11.309276899567635, 51.656003899725974 ] ], [ [ 11.338840200446466, 51.555446100092674 ], [ 11.329425300211724, 51.530974800146772 ], [ 11.363515999629742, 51.50840840020841 ], [ 11.37975290016818, 51.5522878000723 ], [ 11.338840200446466, 51.555446100092674 ] ], [ [ 10.477206499856489, 51.699816999953185 ], [ 10.478644199569803, 51.699979900172409 ], [ 10.477041500000054, 51.700484600008629 ], [ 10.477206499856489, 51.699816999953185 ] ], [ [ 10.607987600239316, 51.895857399933178 ], [ 10.6230184999324, 51.891853899851704 ], [ 10.620534299744001, 51.899286599882757 ], [ 10.607987600239316, 51.895857399933178 ] ] ] ] } },
{ "type": "Feature", "properties": { "climate_region": 7 }, "geometry": { "type": "MultiPolygon", "coordinates": [ [ [ [ 6.652996099985296, 49.551175899891447 ], [ 6.640626499745621, 49.488297499875628 ], [ 6.554449599980462, 49.481225699955132 ], [ 6.513923899873014, 49.446101799988512 ], [ 6.428027100203357, 49.47694750022773 ], [ 6.368754100003822, 49.469221999832612 ], [ 6.357694600079547, 49.53058049998819 ], [ 6.383329400235959, 49.556654000031031 ], [ 6.358701700446271, 49.57372470011142 ], [ 6.422300299842892, 49.620649300137764 ], [ 6.43108559964107, 49.668741200148446 ], [ 6.517396899949167, 49.722967099982419 ], [ 6.506120700327203, 49.789754900057197 ], [ 6.531248099671779, 49.805746099806633 ], [ 6.471567199654578, 49.822786300143186 ], [ 6.429697000044576, 49.810838699849079 ], [ 6.364095700146781, 49.850965499906202 ], [ 6.320779800427515, 49.839738799907678 ], [ 6.381465299901689, 49.879259699992318 ], [ 6.366193499897146, 49.943791500191622 ], [ 6.332813799958552, 49.956962999865674 ], [ 6.371557699784742, 49.986958699782029 ], [ 6.356950699802863, 50.029019400144804 ], [ 6.417677399609248, 50.033856099825087 ], [ 6.419050399960845, 50.05986310025812 ], [ 6.445733700242148, 50.050786299737837 ], [ 6.47237659969189, 50.099317799749961 ], [ 6.490469200418376, 50.082119599961388 ], [ 6.541379499770406, 50.096859199862088 ], [ 6.528850400058755, 50.041972700094227 ], [ 6.58925080031288, 50.01491970018926 ], [ 6.581443899708095, 49.992965999837999 ], [ 6.616375999848762, 49.988374799878265 ], [ 6.666888599753131, 50.018154099819739 ], [ 6.641631499851197, 50.043893499856637 ], [ 6.673777600003977, 50.068521699808962 ], [ 6.662982299994646, 50.094651000257478 ], [ 6.690553000131071, 50.096076499730025 ], [ 6.714809400162699, 50.070503799861328 ], [ 6.789027999629197, 50.096013199754637 ], [ 6.814323300388599, 50.063141600051054 ], [ 6.856004300426758, 50.093446899789399 ], [ 6.883645999809977, 50.080567099960064 ], [ 6.902868700028496, 50.09801019980025 ], [ 6.865767599668022, 50.122919300035392 ], [ 6.887821900154889, 50.151315400202122 ], [ 6.930318600115405, 50.142161700259436 ], [ 6.932942400295576, 50.157373899872205 ], [ 7.009938299566405, 50.172848999928931 ], [ 7.044073099976695, 50.157734699963747 ], [ 7.098130499602892, 50.165412499777773 ], [ 7.104634599602289, 50.215489500199418 ], [ 7.208934400268465, 50.214464000182986 ], [ 7.246947899700118, 50.25541600024939 ], [ 7.318787499782838, 50.215777600244493 ], [ 7.297167700025855, 50.210483099741225 ], [ 7.294285699778488, 50.20243690009881 ], [ 7.350102999657636, 50.197432700100507 ], [ 7.47239330033176, 50.319198600134932 ], [ 7.555914400129677, 50.283000999951689 ], [ 7.605280599712881, 50.293834200136345 ], [ 7.590391700310015, 50.32554160000435 ], [ 7.657882699832731, 50.328114200106988 ], [ 7.69643540043724, 50.366389999975397 ], [ 7.644041599868852, 50.391723200052418 ], [ 7.6877861001832, 50.428550500125972 ], [ 7.736445599623958, 50.436284500031817 ], [ 7.751256999570633, 50.383708299795813 ], [ 7.793145699983923, 50.388292800273241 ], [ 7.76790820042316, 50.366821500205681 ], [ 7.863633400242732, 50.347435100140522 ], [ 7.880649300032614, 50.375313699862637 ], [ 7.852821200227973, 50.3822286997761 ], [ 7.85679389985898, 50.391595999784684 ], [ 7.885437500160057, 50.383202799993072 ], [ 7.883254600307826, 50.402102500106729 ], [ 7.934081100318585, 50.415552199986294 ], [ 7.965682600423657, 50.401209799801585 ], [ 7.990581899551314, 50.444012700018241 ], [ 8.04768250030599, 50.423900700063768 ], [ 8.081533200422802, 50.445897599763498 ], [ 8.134904599785669, 50.427406300181779 ], [ 8.203954700044175, 50.444695400111797 ], [ 8.212553300281899, 50.459660399867907 ], [ 8.171115200205007, 50.4731728998931 ], [ 8.160748299568139, 50.542802600118506 ], [ 8.232314500089105, 50.537623600244878 ], [ 8.205299300158069, 50.564600299824455 ], [ 8.227279200376467, 50.585679000077931 ], [ 8.276514800188718, 50.549994600002933 ], [ 8.363040600220344, 50.582822099884545 ], [ 8.304596600399295, 50.602912200091389 ], [ 8.380932200207051, 50.66056589987258 ], [ 8.454486700336819, 50.666099500141812 ], [ 8.471009499595924, 50.634946600247929 ], [ 8.519253099721361, 50.630320200057724 ], [ 8.57868929955348, 50.705651799926109 ], [ 8.549777899788157, 50.70826290007178 ], [ 8.547040399842464, 50.736782100067764 ], [ 8.649706100328146, 50.763254000193143 ], [ 8.595092499810589, 50.912407000030093 ], [ 8.637233200118976, 50.932051199814339 ], [ 8.708212899574052, 50.928735499757479 ], [ 8.748156500360523, 50.988903599875151 ], [ 8.825188699653696, 50.995549899881112 ], [ 8.871830999784594, 51.011969100006311 ], [ 8.879572399730451, 51.044807500245085 ], [ 8.926259799780194, 51.049547799973546 ], [ 8.879911099626845, 51.056840100079619 ], [ 8.867716699613645, 51.090494899963787 ], [ 8.836158100351591, 51.090691399854769 ], [ 8.857948100312207, 51.116302800111896 ], [ 8.813673000193813, 51.121643899774597 ], [ 8.82239019960863, 51.142901399725879 ], [ 8.874735100384552, 51.197281399950263 ], [ 8.872768799618701, 51.245664099833782 ], [ 8.9573341002046, 51.234479399909212 ], [ 8.947531099919347, 51.285199300203956 ], [ 9.047905299624867, 51.314159199850714 ], [ 9.04489370032978, 51.335514000198316 ], [ 8.992149999669989, 51.334690099867622 ], [ 8.937842400372546, 51.365243600203023 ], [ 8.951625300285807, 51.413296600048248 ], [ 8.921632999959883, 51.445938700015127 ], [ 9.03670279958544, 51.435411999773443 ], [ 9.065357099719844, 51.442627799794352 ], [ 9.064775700186503, 51.465925599845498 ], [ 9.103144900131289, 51.443074299820154 ], [ 9.216290999796712, 51.459894999850363 ], [ 9.225178299702153, 51.489755000177084 ], [ 9.308484400313251, 51.512364299948736 ], [ 9.316417100092099, 51.552576900132685 ], [ 9.373609600296973, 51.591475599909309 ], [ 9.301838399736615, 51.625293900082248 ], [ 9.279654899952337, 51.617665199961699 ], [ 9.238081400405934, 51.663173099790356 ], [ 9.286672999787616, 51.736863199817932 ], [ 9.250618600226511, 51.775112000042171 ], [ 9.344413599876557, 51.880099999916979 ], [ 9.30807649959722, 51.930686599739751 ], [ 9.352681799752803, 51.933845400104623 ], [ 9.36367589962946, 51.951660499850888 ], [ 9.33296300042703, 51.990357000079484 ], [ 9.274609999944284, 52.012585899838015 ], [ 9.184819500286297, 51.999786400166137 ], [ 9.176200399595444, 52.043024399780414 ], [ 9.046493299813513, 52.048488699855753 ], [ 9.01949140033857, 52.123822199978271 ], [ 9.037763000266891, 52.13754629973797 ], [ 9.011891800358644, 52.13516319979886 ], [ 9.02193459962078, 52.171587000026051 ], [ 8.985883799609013, 52.194641799853869 ], [ 9.045675799667272, 52.183169000028968 ], [ 9.039285200007411, 52.225171400122278 ], [ 9.10737859987821, 52.217809599873853 ], [ 9.134548999944245, 52.242360499809422 ], [ 9.286618700221963, 52.279736099796487 ], [ 9.312906500131435, 52.276512299765258 ], [ 9.32455250022327, 52.21242849980576 ], [ 9.4483517998948, 52.27415770025312 ], [ 9.472271199642543, 52.264771299873154 ], [ 9.516280199909165, 52.212188700016746 ], [ 9.491640999887201, 52.208622099878077 ], [ 9.496483699904582, 52.166872699801175 ], [ 9.556852500121943, 52.167260800155297 ], [ 9.595768200051332, 52.144035800183254 ], [ 9.574079699836359, 52.143261100112113 ], [ 9.601179099757269, 52.100826899882072 ], [ 9.534309499950847, 52.105721199807867 ], [ 9.521654000092207, 52.089538700020974 ], [ 9.64632230032521, 51.96415789986407 ], [ 9.669312400098049, 52.054825199874536 ], [ 9.696286699734168, 52.04534670016114 ], [ 9.699026099616693, 52.039068599862382 ], [ 9.714773700396275, 52.032395599872373 ], [ 9.718444900265126, 52.062671400052096 ], [ 9.781961399933019, 52.020395599958491 ], [ 9.886394100057283, 52.017967500244822 ], [ 9.898307899613396, 51.965694100145747 ], [ 9.956116000011102, 51.998104999748243 ], [ 9.953928000423049, 52.016739700206195 ], [ 9.975199800025489, 52.026516100113007 ], [ 10.017413400415794, 52.011562099939319 ], [ 10.06573839958409, 52.058192000086088 ], [ 10.193030800034558, 52.044528599955441 ], [ 10.20611239957856, 51.966837900090709 ], [ 10.173239000015524, 51.930185999879612 ], [ 10.25828430010213, 51.950006799992778 ], [ 10.316835099728966, 51.931470200172505 ], [ 10.271651400413081, 51.90913149978978 ], [ 10.277124300043324, 51.815004200201038 ], [ 10.245985900331831, 51.812289600266411 ], [ 10.234007899978989, 51.762768600097687 ], [ 10.148534099908611, 51.753646100211142 ], [ 10.116708199747265, 51.726889999747279 ], [ 10.144005699747895, 51.683047999898427 ], [ 10.207633400068154, 51.667530900276034 ], [ 10.292665299985655, 51.690121899775683 ], [ 10.312855299813933, 51.67154580025197 ], [ 10.358940199802614, 51.698226099859312 ], [ 10.449294599812214, 51.706561600217142 ], [ 10.458661699792373, 51.696002899870294 ], [ 10.357557300016602, 51.660286500196953 ], [ 10.406173199725034, 51.638974899802299 ], [ 10.368300900184682, 51.592650700033651 ], [ 10.432549799896984, 51.592351699893989 ], [ 10.503523800439908, 51.562258499922656 ], [ 10.502275000261173, 51.607431500076494 ], [ 10.575067599672588, 51.675283499823749 ], [ 10.626920500353942, 51.67021069980251 ], [ 10.650901599988662, 51.642274700223702 ], [ 10.756628500247801, 51.641615899943304 ], [ 10.776549099813938, 51.607396599811324 ], [ 10.725586099897487, 51.605890700091045 ], [ 10.753919299928532, 51.585468100166636 ], [ 10.720781500126234, 51.565769600201889 ], [ 10.739648300405637, 51.547764400068175 ], [ 10.903060999928147, 51.532834299950473 ], [ 10.89477170042251, 51.553021999846749 ], [ 10.910541099720792, 51.555550400019719 ], [ 10.947477599975141, 51.537921899888268 ], [ 10.926733999878268, 51.52091039992299 ], [ 10.972611399816135, 51.482133699919807 ], [ 10.966827799878562, 51.432347099764208 ], [ 11.122698800332797, 51.412466199977921 ], [ 11.067725299678113, 51.37327090022125 ], [ 11.054390299765506, 51.343841900211324 ], [ 11.08343790029762, 51.321357199872111 ], [ 10.995177999628044, 51.259390500171669 ], [ 11.009123199960332, 51.233275999729102 ], [ 10.972806000059494, 51.199706000135279 ], [ 10.833906699588256, 51.222437099833407 ], [ 10.759798099726606, 51.204296099927618 ], [ 10.758809899913478, 51.221607200187592 ], [ 10.720394199576308, 51.213617700148752 ], [ 10.771314000409104, 51.173110700269781 ], [ 10.750269400013392, 51.155296699722669 ], [ 10.765600099856124, 51.137256499900737 ], [ 10.702484200295952, 51.09784570026823 ], [ 10.711751999606259, 51.053063699796397 ], [ 10.480996299800729, 50.994013200273535 ], [ 10.488176600342022, 50.969763900280988 ], [ 10.520922800257454, 50.966185499837081 ], [ 10.484360799560193, 50.920321499846082 ], [ 10.496057499668343, 50.895846900109987 ], [ 10.480946499896305, 50.917859499884315 ], [ 10.443141699766421, 50.909463399908816 ], [ 10.448504899829116, 50.960540400183852 ], [ 10.380741399958207, 50.970080300021635 ], [ 10.333748599661311, 50.952386599725237 ], [ 10.342633500166603, 50.883742700143905 ], [ 10.32212460020909, 50.82949379999873 ], [ 10.296774999884034, 50.825849100145213 ], [ 10.336479000221278, 50.783325299747652 ], [ 10.378860099581178, 50.779780200041856 ], [ 10.375135200221269, 50.75694159972258 ], [ 10.444561600260712, 50.76288269983872 ], [ 10.375535299967341, 50.719832099939772 ], [ 10.328932499657782, 50.742178100216655 ], [ 10.25369359997981, 50.739646400282119 ], [ 10.251624300180126, 50.725549099788665 ], [ 10.386132000433667, 50.700146999806798 ], [ 10.404051399685184, 50.68162860008615 ], [ 10.294962300251983, 50.684024099976675 ], [ 10.327075799644833, 50.669722299896428 ], [ 10.276280400207517, 50.645807699798283 ], [ 10.263838499960515, 50.669579199872707 ], [ 10.293141099862432, 50.684298799738208 ], [ 10.178615199598681, 50.671612699756359 ], [ 10.183778999719424, 50.718254000196374 ], [ 10.22179069982556, 50.735345900175254 ], [ 10.204715099798509, 50.749197699825693 ], [ 10.171785100084389, 50.756781500043068 ], [ 10.14419189984503, 50.735248199859434 ], [ 10.114625400065467, 50.747005100150297 ], [ 10.064026400197067, 50.707003099903503 ], [ 10.057925700354106, 50.667552200077132 ], [ 9.949048199984409, 50.664180000079888 ], [ 9.961025499651347, 50.603428100059155 ], [ 9.894447200135371, 50.558979800267878 ], [ 9.914650099771135, 50.531296899967224 ], [ 9.850795999744728, 50.524283899982137 ], [ 9.83747389963961, 50.499030399799651 ], [ 9.762760899780069, 50.493729700148926 ], [ 9.790389799967109, 50.474848799793605 ], [ 9.742482800375249, 50.450983299772908 ], [ 9.749105000088422, 50.420762600027871 ], [ 9.691957700413703, 50.415103400120351 ], [ 9.655405999799495, 50.46956649999801 ], [ 9.631026199993917, 50.452136199962915 ], [ 9.622367600380057, 50.389846899786285 ], [ 9.683505900164754, 50.370445200095027 ], [ 9.636384400033732, 50.325637200038408 ], [ 9.581352400189466, 50.331241499797166 ], [ 9.553770300432074, 50.292253499762602 ], [ 9.59665400000689, 50.266891200084892 ], [ 9.597505000126688, 50.241588800240606 ], [ 9.574732999626715, 50.247664599993783 ], [ 9.542229800283858, 50.224316299885771 ], [ 9.509723599669632, 50.236381300018479 ], [ 9.411594500064902, 50.29739579980626 ], [ 9.405947900394702, 50.343569200131711 ], [ 9.378357699630119, 50.354699299769514 ], [ 9.332991500377743, 50.331765700037138 ], [ 9.351141100107325, 50.242703799726968 ], [ 9.260381499717466, 50.227602000213409 ], [ 9.238321299994126, 50.248868400103909 ], [ 9.254498600008409, 50.285843299893237 ], [ 9.216774400319098, 50.26931889972839 ], [ 9.192319499559112, 50.279884900228545 ], [ 9.225517199922866, 50.33387400016813 ], [ 9.18901379992486, 50.343458199756981 ], [ 9.152993300087621, 50.324900099726236 ], [ 9.107041299557029, 50.342923000259056 ], [ 9.037340299806578, 50.316058199717403 ], [ 8.987006399965043, 50.34550869976573 ], [ 9.05181139995733, 50.364673199998968 ], [ 9.055092800163163, 50.390211599903132 ], [ 8.952367800088949, 50.37973479989023 ], [ 8.957332200267771, 50.416869000262786 ], [ 8.924151499622457, 50.411034999863801 ], [ 8.869488599562125, 50.444822199868199 ], [ 8.840197000429166, 50.431647699925293 ], [ 8.737197399745646, 50.442343800063831 ], [ 8.708828799804216, 50.429101600240259 ], [ 8.713618299793827, 50.348584200094706 ], [ 8.592327700063436, 50.290552200158047 ], [ 8.670606900209824, 50.28733529996822 ], [ 8.684311099619341, 50.238183099889078 ], [ 8.575405299623249, 50.233661600118367 ], [ 8.633675399978321, 50.194542499918803 ], [ 8.592058299801295, 50.167318599780991 ], [ 8.559057800303664, 50.195062100001053 ], [ 8.560540099574208, 50.166657200083179 ], [ 8.531572200269041, 50.171716200138903 ], [ 8.564002999891594, 50.127311000287435 ], [ 8.518203899808865, 50.151138099816137 ], [ 8.512895000210154, 50.133240199903035 ], [ 8.480443600421529, 50.136099199746191 ], [ 8.475557299773524, 50.101147099844475 ], [ 8.385087000024273, 50.142386600016749 ], [ 8.339950800027347, 50.12855980002098 ], [ 8.323242900209054, 50.151071800010357 ], [ 8.244707399932331, 50.149666100118772 ], [ 8.160114600118954, 50.124249100083681 ], [ 8.112171100180461, 50.093650999881802 ], [ 8.137802999676849, 50.087572900014933 ], [ 8.130652300420776, 50.081139500030368 ], [ 8.067660799561125, 50.094726499733866 ], [ 8.012005800101033, 50.076199400263405 ], [ 8.054657000408943, 50.005088700234325 ], [ 7.967480399700086, 49.97773789991011 ], [ 7.863893500246722, 49.975044400133854 ], [ 7.892863600424312, 49.956650899989519 ], [ 7.869477599631036, 49.946438899935352 ], [ 7.637945699724453, 50.04971470025761 ], [ 7.663410400288574, 50.09041980010015 ], [ 7.596328499834417, 50.100287100114492 ], [ 7.650647699975478, 50.119649000028687 ], [ 7.638762599796068, 50.140614400255252 ], [ 7.593505700360933, 50.135139500139331 ], [ 7.565368200111163, 50.153414500282331 ], [ 7.547602299585511, 50.133294999899277 ], [ 7.49772430014055, 50.136257599803741 ], [ 7.526290600411424, 50.101303600010667 ], [ 7.503841200201329, 50.06686160006614 ], [ 7.452601900063034, 50.095714600050464 ], [ 7.396365200133943, 50.060176799960026 ], [ 7.345129999906599, 50.082591900085028 ], [ 7.340527200375742, 50.06318320022983 ], [ 7.314633500364527, 50.065904400045042 ], [ 7.35441099996002, 50.012107499884841 ], [ 7.314009700349756, 49.962122700116403 ], [ 7.253746700113277, 49.941460399946237 ], [ 7.214501400221359, 49.956516900037663 ], [ 7.162998399631375, 49.942133900167121 ], [ 7.135193600328548, 49.911828799974963 ], [ 7.15110180011802, 49.90618550023467 ], [ 7.152936500389685, 49.902550800077698 ], [ 7.104968600411433, 49.912803400107499 ], [ 7.10117640016878, 49.894786900274298 ], [ 7.046303700370466, 49.88702359977745 ], [ 7.023379599821544, 49.901884800226455 ], [ 7.005503399653714, 49.891345400255737 ], [ 7.002379699594369, 49.917310600044857 ], [ 6.95964550034407, 49.900833099953346 ], [ 7.03245140021161, 49.835597400186607 ], [ 6.950382199796694, 49.832806499764139 ], [ 6.946320300152901, 49.806196999797685 ], [ 6.899748100055169, 49.804690299839933 ], [ 6.865904699648371, 49.780087100251379 ], [ 6.870261800067574, 49.693678799872117 ], [ 6.842205300008651, 49.663002699898783 ], [ 6.715379300362128, 49.661226600257358 ], [ 6.727543100163499, 49.62103709974145 ], [ 6.706665500172327, 49.605505599922651 ], [ 6.768037999734767, 49.568493599843386 ], [ 6.690580500256881, 49.53526640003885 ], [ 6.652996099985296, 49.551175899891447 ] ], [ [ 6.942989400079974, 50.088760499950226 ], [ 6.983134999634499, 50.099392700083229 ], [ 6.994100899597773, 50.13666109981758 ], [ 6.944571500381949, 50.134148800241377 ], [ 6.942989400079974, 50.088760499950226 ] ], [ [ 7.114677999837353, 49.995713499895629 ], [ 7.146744200235529, 49.997391399970034 ], [ 7.120663099977958, 50.023764700189282 ], [ 7.114677999837353, 49.995713499895629 ] ], [ [ 7.136806900018681, 49.963240900215851 ], [ 7.147616500309007, 49.942224400243184 ], [ 7.156881900219234, 49.951098700109483 ], [ 7.136806900018681, 49.963240900215851 ] ], [ [ 7.349351300207653, 50.117791000084246 ], [ 7.380103000342147, 50.099387700123884 ], [ 7.403933500114436, 50.103759199827195 ], [ 7.380875800319853, 50.133540900059629 ], [ 7.349351300207653, 50.117791000084246 ] ], [ [ 7.406228199795329, 50.109298700274451 ], [ 7.422990799827948, 50.103313499835522 ], [ 7.422438200282586, 50.118824000070568 ], [ 7.406228199795329, 50.109298700274451 ] ], [ [ 8.469342099766129, 50.308052500211978 ], [ 8.393952499614386, 50.274327900144499 ], [ 8.43605569975124, 50.22494659980341 ], [ 8.497592500280806, 50.245642399820582 ], [ 8.469342099766129, 50.308052500211978 ] ], [ [ 7.853025200442461, 49.970783500162632 ], [ 7.85417319976486, 49.971273399786618 ], [ 7.853073500160333, 49.971090600243492 ], [ 7.853025200442461, 49.970783500162632 ] ], [ [ 7.994693800322116, 50.405284800033613 ], [ 7.983622699554257, 50.398261399904946 ], [ 8.014132900201025, 50.400804500069214 ], [ 7.994693800322116, 50.405284800033613 ] ], [ [ 9.315448199684548, 51.12162579979303 ], [ 9.315434800413776, 51.121603900051902 ], [ 9.315657400246234, 51.121583699730529 ], [ 9.315448199684548, 51.12162579979303 ] ], [ [ 9.894262299900436, 51.966937199840729 ], [ 9.893841200237951, 51.963023000126235 ], [ 9.897699600028872, 51.96521330005254 ], [ 9.894262299900436, 51.966937199840729 ] ], [ [ 10.088342999929148, 50.745569400211629 ], [ 10.168886700193209, 50.77927960010495 ], [ 10.157310999560565, 50.796696200070627 ], [ 10.078727799640596, 50.810030300170204 ], [ 10.059615600286836, 50.75983359982451 ], [ 10.088342999929148, 50.745569400211629 ] ] ], [ [ [ 7.480906500430387, 50.346072999714181 ], [ 7.475075899738845, 50.328951799834698 ], [ 7.456568699559273, 50.339033999870409 ], [ 7.480906500430387, 50.346072999714181 ] ] ], [ [ [ 10.477572200415374, 51.700628499874 ], [ 10.477206499856489, 51.699816999953185 ], [ 10.477041500000054, 51.700484600008629 ], [ 10.477572200415374, 51.700628499874 ] ] ] ] } },
{ "type": "Feature", "properties": { "climate_region": 8 }, "geometry": { "type": "MultiPolygon", "coordinates": [ [ [ [ 7.940447999726293, 47.764182799894812 ], [ 8.015426900011615, 47.775371800266875 ], [ 8.03303010036797, 47.723120200137814 ], [ 7.970667400444267, 47.689277399829706 ], [ 7.966252400011745, 47.727425499738665 ], [ 7.902747099640498, 47.706790299956829 ], [ 7.892856899890629, 47.754141799774629 ], [ 7.877345300010903, 47.733565900148434 ], [ 7.850033799766544, 47.753127400249724 ], [ 7.834107700146743, 47.821893399990451 ], [ 7.767521400234849, 47.802041399722171 ], [ 7.756209900415478, 47.861141299855554 ], [ 7.90950439968418, 47.91544839996827 ], [ 7.921200600329012, 48.064941599975313 ], [ 8.015693200187707, 48.064102999701291 ], [ 8.02069990023662, 48.116901800131856 ], [ 8.123744299903354, 48.130518199771394 ], [ 8.185575400198111, 48.206534499982617 ], [ 8.24013519971497, 48.225290100256423 ], [ 8.169301599562731, 48.351983400272111 ], [ 8.218109400077113, 48.40140270020656 ], [ 8.169380399779454, 48.414888599823165 ], [ 8.242127999883365, 48.491916900297447 ], [ 8.212633700398152, 48.558162500118499 ], [ 8.147284299784113, 48.595358499965805 ], [ 8.247460199983925, 48.602832099788507 ], [ 8.245130100392643, 48.659067099793475 ], [ 8.320250799745532, 48.707739100289992 ], [ 8.281314799687369, 48.767702700242531 ], [ 8.387196099682626, 48.790418000184467 ], [ 8.408829799970329, 48.812176300258322 ], [ 8.381145000318071, 48.833419300269362 ], [ 8.416793700035633, 48.835903900196499 ], [ 8.438401999560341, 48.812168399878324 ], [ 8.500603900149869, 48.819695300287968 ], [ 8.530134600268736, 48.784984699881406 ], [ 8.588964200128842, 48.787376499854226 ], [ 8.622988499674337, 48.762613499902379 ], [ 8.560250000331314, 48.718029799744386 ], [ 8.543629200264625, 48.661390599720562 ], [ 8.570425699949837, 48.613217599828388 ], [ 8.538780300075143, 48.58859309973284 ], [ 8.562608400447285, 48.567991799963401 ], [ 8.54653999960164, 48.552548200203809 ], [ 8.504907199568409, 48.557161800216598 ], [ 8.471055099876352, 48.53058089976836 ], [ 8.491535299558864, 48.520113899827663 ], [ 8.466906699657251, 48.522101100054208 ], [ 8.483510599718478, 48.48358999994457 ], [ 8.456163299813426, 48.459378800256431 ], [ 8.485048299889215, 48.458322599914325 ], [ 8.489159199936815, 48.449016800114379 ], [ 8.44998340000347, 48.432266299779293 ], [ 8.379275899960923, 48.436391600094858 ], [ 8.367495399613206, 48.418899300082991 ], [ 8.390338299646961, 48.374903899991452 ], [ 8.442275100280861, 48.3996796002682 ], [ 8.421062399942667, 48.351263300239609 ], [ 8.502316000148202, 48.330660500269175 ], [ 8.444575400059263, 48.300512700079786 ], [ 8.40502900015543, 48.323200800089857 ], [ 8.386812800229006, 48.253749199879849 ], [ 8.353894299848795, 48.243119600082807 ], [ 8.400520999836498, 48.18349950024151 ], [ 8.340677200223976, 48.154520899730144 ], [ 8.383063499931039, 48.146086799758642 ], [ 8.401777399762546, 48.10240520013253 ], [ 8.344536800164086, 48.108864700047789 ], [ 8.340237599758234, 48.076808799833174 ], [ 8.308102699800367, 48.075855799938552 ], [ 8.347722400434758, 48.047819999813107 ], [ 8.335999200025732, 48.018249400229877 ], [ 8.364081000236308, 47.991364700192257 ], [ 8.334555099815999, 47.965169000132526 ], [ 8.269230899640634, 47.95311089976969 ], [ 8.316095399853715, 47.949910400177153 ], [ 8.292711299895563, 47.922933600076639 ], [ 8.310084500098137, 47.878778899749733 ], [ 8.227540999992998, 47.832992899809433 ], [ 8.300554600235669, 47.780323800032285 ], [ 8.285841299911292, 47.749204499792064 ], [ 8.309403400144673, 47.739303000021991 ], [ 8.192934699941238, 47.747416700116815 ], [ 8.183952399601255, 47.782603900292081 ], [ 8.154321799636275, 47.772721000192227 ], [ 8.098355400081246, 47.805378900231197 ], [ 8.079717600130689, 47.848290699824439 ], [ 8.142735799818908, 47.870201900140117 ], [ 8.124485499844264, 47.885594499851102 ], [ 8.059391299822678, 47.867746900186802 ], [ 8.024098899794579, 47.88500399999144 ], [ 7.983681099929193, 47.866839799731309 ], [ 7.890192800388503, 47.878894899798588 ], [ 7.855084299872103, 47.838438200170067 ], [ 7.918556899770374, 47.830801100281832 ], [ 7.927102299980359, 47.797401300031119 ], [ 7.963967100301978, 47.783052699868747 ], [ 7.940447999726293, 47.764182799894812 ] ] ], [ [ [ 10.591333999986643, 51.76743039973806 ], [ 10.587978799586999, 51.834422100195454 ], [ 10.634029799851813, 51.819937099931188 ], [ 10.643790099618336, 51.790245999892363 ], [ 10.689803299674319, 51.782705900167905 ], [ 10.70567289975431, 51.754417900174431 ], [ 10.591333999986643, 51.76743039973806 ] ] ] ] } },
{ "type": "Feature", "properties": { "climate_region": 9 }, "geometry": { "type": "MultiPolygon", "coordinates": [ [ [ [ 11.515235700103078, 50.616579399986627 ], [ 11.448506700113363, 50.620062200246082 ], [ 11.409964799953523, 50.673531799747074 ], [ 11.313132800245398, 50.669075399964242 ], [ 11.290653999972699, 50.688146899796983 ], [ 11.305822599720759, 50.706711200014361 ], [ 11.266703699975832, 50.696645800095787 ], [ 11.213792900096786, 50.712386999770082 ], [ 11.212243800305085, 50.733044599992816 ], [ 11.150837400120446, 50.733301199896616 ], [ 11.136408800164107, 50.718615000190375 ], [ 11.099712200396283, 50.729880899726986 ], [ 11.078324899906171, 50.694173400156515 ], [ 11.070758400149526, 50.719442299815469 ], [ 11.033367700009411, 50.705502000177752 ], [ 11.01468249955461, 50.732986999928471 ], [ 10.962172700431857, 50.72811859980591 ], [ 10.921839600019666, 50.753673499781009 ], [ 10.930920300019244, 50.774769400205557 ], [ 10.849652599857032, 50.820197699836925 ], [ 10.858161900368993, 50.838430699899121 ], [ 10.722471700096229, 50.858943799995998 ], [ 10.710385600075368, 50.880047600221779 ], [ 10.676241999768578, 50.863554100219623 ], [ 10.661718299664683, 50.907883200039258 ], [ 10.62230350025507, 50.932521099838098 ], [ 10.651294700062049, 50.964321500057579 ], [ 10.61640339960492, 50.97790460027381 ], [ 10.519505600098903, 50.958128500108728 ], [ 10.488176600342022, 50.969763900280988 ], [ 10.480996299800729, 50.994013200273535 ], [ 10.710963600383691, 51.052116100060182 ], [ 10.702484200295952, 51.09784570026823 ], [ 10.765600099856124, 51.137256499900737 ], [ 10.750269400013392, 51.155296699722669 ], [ 10.771314000409104, 51.173110700269781 ], [ 10.720394199576308, 51.213617700148752 ], [ 10.758809899913478, 51.221607200187592 ], [ 10.759798099726606, 51.204296099927618 ], [ 10.833906699588256, 51.222437099833407 ], [ 10.972806000059494, 51.199706000135279 ], [ 11.009123199960332, 51.233275999729102 ], [ 10.995177999628044, 51.259390500171669 ], [ 11.068391800211616, 51.297512199789288 ], [ 11.076013900294477, 51.322198699760222 ], [ 11.106684000163495, 51.310953899742728 ], [ 11.097088599642101, 51.29587749979985 ], [ 11.157248999696725, 51.284480800150327 ], [ 11.203015100167477, 51.165475800072308 ], [ 11.254397299809616, 51.135347199965821 ], [ 11.293702599976033, 51.128920299866522 ], [ 11.325280600153269, 51.180798300009208 ], [ 11.393259700183915, 51.155402199770393 ], [ 11.455927200280181, 51.19508050022089 ], [ 11.485279600086486, 51.168279599844823 ], [ 11.451428899969674, 51.146531100086399 ], [ 11.485171699844456, 51.102498199724067 ], [ 11.545371500007439, 51.102387200257077 ], [ 11.571847300237897, 51.120569400048765 ], [ 11.668167700408551, 51.110412299832561 ], [ 11.759747999845349, 51.042832600196498 ], [ 11.888147800258929, 51.056063299967917 ], [ 11.911817300372725, 51.028270099998188 ], [ 11.977108800075147, 51.016278599997264 ], [ 11.970266799679939, 50.994173200019233 ], [ 12.006535399825607, 50.991036299832054 ], [ 12.014287300178834, 50.968111700078595 ], [ 12.091030799804292, 50.976585700252755 ], [ 12.16342900017845, 50.958697699821329 ], [ 12.182806700207683, 50.975986099828233 ], [ 12.214462899628716, 50.937850799944577 ], [ 12.289442499701611, 50.975839300103267 ], [ 12.348443899664879, 50.96075049978883 ], [ 12.339090000427834, 50.973097100109598 ], [ 12.385382800217672, 50.991793600277255 ], [ 12.37215969984674, 50.958575300180563 ], [ 12.431526999794881, 50.965178200087557 ], [ 12.440854599953701, 50.935708899892226 ], [ 12.483105999654541, 50.922197699870232 ], [ 12.446479100169574, 51.02773809991335 ], [ 12.498714299581318, 51.037595199728706 ], [ 12.501137300244359, 51.064279299995107 ], [ 12.556187700280606, 51.090515499806045 ], [ 12.565273700340358, 51.139716800272843 ], [ 12.636888199680865, 51.130232800139915 ], [ 12.675047500174689, 51.09436700013098 ], [ 12.737674700050633, 51.095757600134149 ], [ 12.746571099889902, 51.111653700059271 ], [ 12.674746799913114, 51.121602400223708 ], [ 12.735780400153141, 51.1378832000945 ], [ 12.737637400203418, 51.16819470009964 ], [ 12.774704399617377, 51.181530000209065 ], [ 12.813480200415993, 51.156731499986535 ], [ 12.856350700146026, 51.16169710019058 ], [ 12.892412800065751, 51.208499499726798 ], [ 12.960723600320142, 51.225196500019202 ], [ 13.061518700262123, 51.197953800235737 ], [ 13.045520599773964, 51.178735500003839 ], [ 13.119371100179759, 51.178052800159328 ], [ 13.150614500371555, 51.149891899944926 ], [ 13.193905099939133, 51.154584499773577 ], [ 13.203455699680685, 51.141095900121847 ], [ 13.216311900241806, 51.175524999929934 ], [ 13.254386200346808, 51.164338599877667 ], [ 13.316808299572052, 51.189976300024959 ], [ 13.353033099661076, 51.171004099933427 ], [ 13.326474899664563, 51.145697999960959 ], [ 13.355226700244964, 51.097431600122107 ], [ 13.409548700434746, 51.08764160000468 ], [ 13.379717300054304, 51.054608399896367 ], [ 13.449471400119515, 51.022287599811598 ], [ 13.438227699747911, 50.981721600207599 ], [ 13.520547900232987, 51.012094200108379 ], [ 13.56820620034012, 51.001836300128772 ], [ 13.594406199812049, 51.026156500143379 ], [ 13.612294299962464, 50.988971299921708 ], [ 13.583059999869896, 50.981238799977753 ], [ 13.582096800171126, 50.953368899942014 ], [ 13.643598599642285, 50.945039399835672 ], [ 13.676269500075648, 50.912462499885201 ], [ 13.726590800147028, 50.932874999946591 ], [ 13.810921900056853, 50.899658800244822 ], [ 13.911694299571614, 50.936335299899483 ], [ 13.882941200027307, 50.986894799987233 ], [ 13.962762500292715, 51.031311400151324 ], [ 13.965724299683375, 51.061595699741176 ], [ 13.885800799884754, 51.071292800043402 ], [ 13.91094440034548, 51.094144600244881 ], [ 13.879396100268181, 51.124243399823534 ], [ 13.78651370001357, 51.130157000182351 ], [ 13.79034750033871, 51.14659270013388 ], [ 13.720678600088341, 51.139939900174006 ], [ 13.705067100362502, 51.108482599919277 ], [ 13.653968499753894, 51.120797699866834 ], [ 13.655230900426016, 51.160938300051896 ], [ 13.625915999892912, 51.159366000016057 ], [ 13.637739799935691, 51.182635299793887 ], [ 13.610010799578216, 51.180047000231525 ], [ 13.593746500423604, 51.20060340010442 ], [ 13.630874499936967, 51.208763400169275 ], [ 13.647156200356919, 51.19336290012243 ], [ 13.714958099612987, 51.228414000009813 ], [ 13.812467100261921, 51.229880600229016 ], [ 13.800109300291783, 51.237033399976347 ], [ 13.796118799645093, 51.248666300018087 ], [ 13.826596800180504, 51.265836200081502 ], [ 13.797238899989702, 51.301854700258616 ], [ 13.826454599565968, 51.341599499877738 ], [ 13.856087299792096, 51.339162099987163 ], [ 13.834260399734543, 51.383751899865054 ], [ 13.882764099864003, 51.374501399966448 ], [ 13.961198299821071, 51.397004600005644 ], [ 14.011279800017235, 51.36560170018803 ], [ 14.006387099771141, 51.340004599797119 ], [ 14.069842099876379, 51.33648970004927 ], [ 14.107485499699163, 51.351903099913855 ], [ 14.112594299568315, 51.380650700139526 ], [ 14.138699100078011, 51.367733900223364 ], [ 14.211200499810319, 51.374513400078186 ], [ 14.212791799759136, 51.33241100004264 ], [ 14.347743600139678, 51.36051080019417 ], [ 14.357914299735357, 51.32480170027857 ], [ 14.398526999881401, 51.305562199845092 ], [ 14.46303170026075, 51.346159599936371 ], [ 14.476949599893215, 51.320823300192131 ], [ 14.509132999893279, 51.320293900228094 ], [ 14.524633999652652, 51.347462199859649 ], [ 14.544743600262974, 51.357247100082489 ], [ 14.533094100334816, 51.340330500129937 ], [ 14.609786500193648, 51.299508700129707 ], [ 14.657291599815622, 51.316285299795084 ], [ 14.644867700010259, 51.334348400247116 ], [ 14.6997785000547, 51.412249699771614 ], [ 14.729597999554262, 51.404738500067509 ], [ 14.747822499913898, 51.428971500015493 ], [ 14.718405900209195, 51.449022799789084 ], [ 14.668529400052424, 51.43965469973547 ], [ 14.656057199630858, 51.476035799937222 ], [ 14.67670920031483, 51.494644700070587 ], [ 14.686811999851434, 51.495636899744923 ], [ 14.689247000210004, 51.496544999791006 ], [ 14.692728800182659, 51.533647300187702 ], [ 14.921933999723011, 51.482439999980215 ], [ 14.974049000058127, 51.442117999918771 ], [ 14.965136600325357, 51.361186600182513 ], [ 15.033354000044701, 51.294089299928842 ], [ 15.037851599669306, 51.243990600005553 ], [ 14.964655999851725, 51.050123000186602 ], [ 14.89655560030824, 50.9406456997528 ], [ 14.849926599735102, 50.910732900199406 ], [ 14.809292499922339, 50.967329499803157 ], [ 14.708037999747427, 50.986394299878135 ], [ 14.536181500371882, 51.056479400060383 ], [ 14.55871819975957, 51.080014299729726 ], [ 14.48752260010742, 51.076673200189475 ], [ 14.479087200400615, 51.107579699825123 ], [ 14.372460400229176, 51.124299699895239 ], [ 14.3689424996602, 51.10734970016486 ], [ 14.270134700400451, 51.108804300092977 ], [ 14.258931600286395, 51.060720099841632 ], [ 14.18645419994524, 51.087744300214958 ], [ 14.146453799581662, 51.025776799866541 ], [ 14.229685799961587, 50.958309799959657 ], [ 14.152655000243659, 50.939440799812893 ], [ 14.103753400342253, 50.965556100159858 ], [ 14.053884700257111, 50.960463600064493 ], [ 14.073617400113603, 50.939825199852059 ], [ 13.995180000357474, 50.913399699882874 ], [ 13.983512700311962, 50.884787000053322 ], [ 13.933333599956789, 50.881995100179516 ], [ 13.905396000010589, 50.832297400058074 ], [ 13.85568460032156, 50.832932799740036 ], [ 13.863477199747052, 50.802391699752604 ], [ 13.675219900412845, 50.833494000148242 ], [ 13.67633369997408, 50.772404600256692 ], [ 13.648634399716508, 50.773487400110014 ], [ 13.59095729973836, 50.81917990018286 ], [ 13.589572800052817, 50.84624920023461 ], [ 13.520612400168714, 50.827242999830197 ], [ 13.405868800382372, 50.859714699962353 ], [ 13.349187599677673, 50.847571400032372 ], [ 13.306208799955304, 50.886000799763416 ], [ 13.247384899905647, 50.871945000140187 ], [ 13.208896799848176, 50.932338700126003 ], [ 13.122304999694336, 50.87905710023999 ], [ 13.033075900376508, 50.878502300140575 ], [ 13.04753939988165, 50.847610199897858 ], [ 12.984296999563147, 50.85257460014175 ], [ 12.988982799833023, 50.833960599828927 ], [ 12.943091699688789, 50.823608599829889 ], [ 12.954056599827124, 50.807216000215085 ], [ 12.876923800001935, 50.789824399793716 ], [ 12.908170399992757, 50.745928699932435 ], [ 12.796192899815837, 50.693277199838072 ], [ 12.788386000109348, 50.663168700160583 ], [ 12.68730700019821, 50.6283474998027 ], [ 12.646957699568164, 50.640416600081281 ], [ 12.589161700375657, 50.609326700112874 ], [ 12.518432700055113, 50.653126799887239 ], [ 12.512556800018737, 50.627288000281894 ], [ 12.469192199932994, 50.608182800269716 ], [ 12.41057250042218, 50.620119500204289 ], [ 12.336808900342033, 50.600902599910903 ], [ 12.33901349989825, 50.583450200033298 ], [ 12.266829999571943, 50.572900300149321 ], [ 12.189455199897411, 50.517514299971218 ], [ 12.134228200059477, 50.574472500100306 ], [ 12.084109000265757, 50.579561299940174 ], [ 12.072734499798914, 50.555036299893629 ], [ 12.030654799589897, 50.549249599839364 ], [ 12.010709199909405, 50.635326700087717 ], [ 11.944659300223314, 50.591337700058183 ], [ 11.9024515002548, 50.607927099845938 ], [ 11.868929599701637, 50.68668500020754 ], [ 11.806739099631406, 50.684073600055193 ], [ 11.797718399906261, 50.642821899964552 ], [ 11.763975500318502, 50.651592799732676 ], [ 11.718038000393189, 50.618094399940347 ], [ 11.667716400284514, 50.642073299734264 ], [ 11.702187999756038, 50.670909399750172 ], [ 11.632907300167489, 50.686226300091171 ], [ 11.636715999766997, 50.591046399734324 ], [ 11.579108399747419, 50.683544900044723 ], [ 11.5265929996289, 50.65434329984749 ], [ 11.515235700103078, 50.616579399986627 ] ], [ [ 11.716527500310933, 50.676182000164793 ], [ 11.694561600336236, 50.681983000000628 ], [ 11.710993899720322, 50.664713099951669 ], [ 11.716527500310933, 50.676182000164793 ] ], [ [ 14.682416100296797, 51.487614199814011 ], [ 14.686446099866528, 51.4877233997464 ], [ 14.677059800193808, 51.49078209982045 ], [ 14.682416100296797, 51.487614199814011 ] ] ], [ [ [ 13.8377268996013, 51.107525400249834 ], [ 13.825199000038836, 51.113235400238743 ], [ 13.827665000359575, 51.116847599809297 ], [ 13.8377268996013, 51.107525400249834 ] ] ], [ [ [ 14.687906299682776, 51.498449199794976 ], [ 14.67931770038907, 51.49676590010116 ], [ 14.680310799613769, 51.499501999952273 ], [ 14.687906299682776, 51.498449199794976 ] ] ], [ [ [ 14.677934399954422, 51.502729899987941 ], [ 14.67034570013214, 51.502124999781017 ], [ 14.670647700255916, 51.503197300142986 ], [ 14.677934399954422, 51.502729899987941 ] ] ] ] } },
{ "type": "Feature", "properties": { "climate_region": 10 }, "geometry": { "type": "MultiPolygon", "coordinates": [ [ [ [ 9.922894399969236, 50.243356100035946 ], [ 9.922937099589637, 50.22743159981065 ], [ 9.805796199940547, 50.217279499990994 ], [ 9.719742000161732, 50.294908500110083 ], [ 9.648565399877862, 50.266081199767321 ], [ 9.663561700059473, 50.234064899822343 ], [ 9.58185260010597, 50.221871699887913 ], [ 9.598479199696119, 50.263558699765831 ], [ 9.553770300432074, 50.292253499762602 ], [ 9.581352400189466, 50.331241499797166 ], [ 9.636384400033732, 50.325637200038408 ], [ 9.683505900164754, 50.370445200095027 ], [ 9.627348499915669, 50.385686799739496 ], [ 9.61082849980702, 50.428057200210844 ], [ 9.655405999799495, 50.46956649999801 ], [ 9.691957700413703, 50.415103400120351 ], [ 9.749105000088422, 50.420762600027871 ], [ 9.742482800375249, 50.450983299772908 ], [ 9.790389799967109, 50.474848799793605 ], [ 9.762760899780069, 50.493729700148926 ], [ 9.83747389963961, 50.499030399799651 ], [ 9.850795999744728, 50.524283899982137 ], [ 9.914650099771135, 50.531296899967224 ], [ 9.894447200135371, 50.558979800267878 ], [ 9.961025499651347, 50.603428100059155 ], [ 9.949048199984409, 50.664180000079888 ], [ 10.057925700354106, 50.667552200077132 ], [ 10.064026400197067, 50.707003099903503 ], [ 10.114625400065467, 50.747005100150297 ], [ 10.14419189984503, 50.735248199859434 ], [ 10.171785100084389, 50.756781500043068 ], [ 10.204715099798509, 50.749197699825693 ], [ 10.22179069982556, 50.735345900175254 ], [ 10.183778999719424, 50.718254000196374 ], [ 10.178615199598681, 50.671612699756359 ], [ 10.293141099862432, 50.684298799738208 ], [ 10.263838499960515, 50.669579199872707 ], [ 10.276280400207517, 50.645807699798283 ], [ 10.327075799644833, 50.669722299896428 ], [ 10.294962300251983, 50.684024099976675 ], [ 10.404051399685184, 50.68162860008615 ], [ 10.386132000433667, 50.700146999806798 ], [ 10.251624300180126, 50.725549099788665 ], [ 10.25369359997981, 50.739646400282119 ], [ 10.328932499657782, 50.742178100216655 ], [ 10.375535299967341, 50.719832099939772 ], [ 10.444561600260712, 50.76288269983872 ], [ 10.375135200221269, 50.75694159972258 ], [ 10.378860099581178, 50.779780200041856 ], [ 10.336479000221278, 50.783325299747652 ], [ 10.296774999884034, 50.825849100145213 ], [ 10.32212460020909, 50.82949379999873 ], [ 10.342633500166603, 50.883742700143905 ], [ 10.319133499570505, 50.932066099896424 ], [ 10.380741399958207, 50.970080300021635 ], [ 10.448504899829116, 50.960540400183852 ], [ 10.443141699766421, 50.909463399908816 ], [ 10.480946499896305, 50.917859499884315 ], [ 10.48855910029506, 50.894456099728025 ], [ 10.511989200283947, 50.959269000256889 ], [ 10.630924199947087, 50.973059300141159 ], [ 10.651294700062049, 50.964321500057579 ], [ 10.62230350025507, 50.932521099838098 ], [ 10.661718299664683, 50.907883200039258 ], [ 10.676241999768578, 50.863554100219623 ], [ 10.710385600075368, 50.880047600221779 ], [ 10.722471700096229, 50.858943799995998 ], [ 10.858161900368993, 50.838430699899121 ], [ 10.876454099565089, 50.794786999892644 ], [ 10.936777100076034, 50.768278599938384 ], [ 10.921839600019666, 50.753673499781009 ], [ 10.962172700431857, 50.72811859980591 ], [ 11.01468249955461, 50.732986999928471 ], [ 11.033367700009411, 50.705502000177752 ], [ 11.070758400149526, 50.719442299815469 ], [ 11.072316500162049, 50.694681100045017 ], [ 11.110335499978165, 50.732800900280793 ], [ 11.136408800164107, 50.718615000190375 ], [ 11.150837400120446, 50.733301199896616 ], [ 11.212243800305085, 50.733044599992816 ], [ 11.213792900096786, 50.712386999770082 ], [ 11.266703699975832, 50.696645800095787 ], [ 11.305822599720759, 50.706711200014361 ], [ 11.290653999972699, 50.688146899796983 ], [ 11.315397600400368, 50.668309599765578 ], [ 11.409964799953523, 50.673531799747074 ], [ 11.418932800012479, 50.64223849986557 ], [ 11.481142700099628, 50.607311500133115 ], [ 11.520115000180102, 50.617519199795716 ], [ 11.553953999740319, 50.67809889994215 ], [ 11.587397400114058, 50.683069899759964 ], [ 11.622984199620324, 50.625580699720167 ], [ 11.609163300072243, 50.605070599855907 ], [ 11.632720700320045, 50.61215109981611 ], [ 11.636715999766997, 50.591046399734324 ], [ 11.632907300167489, 50.686226300091171 ], [ 11.702187999756038, 50.670909399750172 ], [ 11.667716400284514, 50.642073299734264 ], [ 11.718038000393189, 50.618094399940347 ], [ 11.763975500318502, 50.651592799732676 ], [ 11.797718399906261, 50.642821899964552 ], [ 11.806739099631406, 50.684073600055193 ], [ 11.868929599701637, 50.68668500020754 ], [ 11.9024515002548, 50.607927099845938 ], [ 11.944659300223314, 50.591337700058183 ], [ 12.010709199909405, 50.635326700087717 ], [ 12.030654799589897, 50.549249599839364 ], [ 12.072734499798914, 50.555036299893629 ], [ 12.084109000265757, 50.579561299940174 ], [ 12.134228200059477, 50.574472500100306 ], [ 12.189455199897411, 50.517514299971218 ], [ 12.266829999571943, 50.572900300149321 ], [ 12.33901349989825, 50.583450200033298 ], [ 12.336808900342033, 50.600902599910903 ], [ 12.41057250042218, 50.620119500204289 ], [ 12.469192199932994, 50.608182800269716 ], [ 12.512556800018737, 50.627288000281894 ], [ 12.518432700055113, 50.653126799887239 ], [ 12.589161700375657, 50.609326700112874 ], [ 12.646957699568164, 50.640416600081281 ], [ 12.68730700019821, 50.6283474998027 ], [ 12.788386000109348, 50.663168700160583 ], [ 12.796192899815837, 50.693277199838072 ], [ 12.908170399992757, 50.745928699932435 ], [ 12.876923800001935, 50.789824399793716 ], [ 12.954056599827124, 50.807216000215085 ], [ 12.943091699688789, 50.823608599829889 ], [ 12.988982799833023, 50.833960599828927 ], [ 12.984296999563147, 50.85257460014175 ], [ 13.04753939988165, 50.847610199897858 ], [ 13.033075900376508, 50.878502300140575 ], [ 13.122304999694336, 50.87905710023999 ], [ 13.193185700313519, 50.929779799777393 ], [ 13.225888899672924, 50.925940000165674 ], [ 13.247384899905647, 50.871945000140187 ], [ 13.306208799955304, 50.886000799763416 ], [ 13.349187599677673, 50.847571400032372 ], [ 13.405868800382372, 50.859714699962353 ], [ 13.520612400168714, 50.827242999830197 ], [ 13.589572800052817, 50.84624920023461 ], [ 13.59095729973836, 50.81917990018286 ], [ 13.648634399716508, 50.773487400110014 ], [ 13.67633369997408, 50.772404600256692 ], [ 13.675219900412845, 50.833494000148242 ], [ 13.863477199747052, 50.802391699752604 ], [ 13.85568460032156, 50.832932799740036 ], [ 13.905396000010589, 50.832297400058074 ], [ 13.933333599956789, 50.881995100179516 ], [ 13.983512700311962, 50.884787000053322 ], [ 13.995180000357474, 50.913399699882874 ], [ 14.073617400113603, 50.939825199852059 ], [ 14.053884700257111, 50.960463600064493 ], [ 14.103753400342253, 50.965556100159858 ], [ 14.152655000243659, 50.939440799812893 ], [ 14.229685799961587, 50.958309799959657 ], [ 14.146453799581662, 51.025776799866541 ], [ 14.156689500372948, 51.06262399978938 ], [ 14.18645419994524, 51.087744300214958 ], [ 14.261954399776425, 51.061411299964043 ], [ 14.269777000237449, 51.108376900128391 ], [ 14.299457000356513, 51.113949199745129 ], [ 14.3689424996602, 51.10734970016486 ], [ 14.375862799910481, 51.124192299736137 ], [ 14.479087200400615, 51.107579699825123 ], [ 14.48752260010742, 51.076673200189475 ], [ 14.55871819975957, 51.080014299729726 ], [ 14.536181500371882, 51.056479400060383 ], [ 14.708037999747427, 50.986394299878135 ], [ 14.809292499922339, 50.967329499803157 ], [ 14.858972199861592, 50.913685299730254 ], [ 14.819555399903807, 50.88506310027887 ], [ 14.799670900035665, 50.822610700246237 ], [ 14.71730899975509, 50.823258400238529 ], [ 14.70860329967425, 50.840779300247448 ], [ 14.618916900384638, 50.857758599971817 ], [ 14.650202799872515, 50.931522400068999 ], [ 14.564359699693915, 50.918574100016407 ], [ 14.59907429973798, 50.987175299745537 ], [ 14.49859839996253, 51.022090399752507 ], [ 14.508400599848867, 51.043310399948318 ], [ 14.492716800115705, 51.023412600129824 ], [ 14.453829600137029, 51.035944300118743 ], [ 14.408568299855348, 51.018784300113126 ], [ 14.302093800057181, 51.055095699933261 ], [ 14.258677899880492, 50.987540100198927 ], [ 14.329512000394347, 50.982348799737956 ], [ 14.302571199833453, 50.965258799920292 ], [ 14.396968599831583, 50.936340399925626 ], [ 14.388139100226486, 50.899273800256509 ], [ 14.304751499961217, 50.883927500097954 ], [ 14.267434399690661, 50.895313600236889 ], [ 14.233365700013959, 50.887598900229371 ], [ 14.223499499655214, 50.859086200117005 ], [ 14.078458500231454, 50.812478600020349 ], [ 14.029925700076687, 50.804255899733107 ], [ 13.990738300198087, 50.82000530011711 ], [ 13.938985900335805, 50.789928299955797 ], [ 13.900778900198702, 50.793379099957797 ], [ 13.898796600437645, 50.745134699807444 ], [ 13.854940900369195, 50.726953100105405 ], [ 13.758307699630132, 50.73582510021091 ], [ 13.706711499727749, 50.716686700075442 ], [ 13.664672600100634, 50.732084199812235 ], [ 13.602735500398975, 50.710153299967672 ], [ 13.551918700396671, 50.713740999724081 ], [ 13.525243800261594, 50.704386499799377 ], [ 13.544374300094322, 50.677548200061025 ], [ 13.512788000382171, 50.653767299831834 ], [ 13.524276499753539, 50.638984399983578 ], [ 13.464779400433359, 50.601740399977068 ], [ 13.371051999906728, 50.650813799919241 ], [ 13.367271699646626, 50.618719700084554 ], [ 13.247312200148048, 50.597334599740542 ], [ 13.237491200319456, 50.631355499879547 ], [ 13.293367799787102, 50.653902300282326 ], [ 13.261310299572447, 50.687766000217287 ], [ 13.229491600306401, 50.687593399915365 ], [ 13.21692470038592, 50.662336500076727 ], [ 13.171903100266411, 50.698968699726962 ], [ 13.117762699901196, 50.656314400008796 ], [ 13.162789600080881, 50.618672800226058 ], [ 13.117238000231954, 50.606107099851549 ], [ 13.150227100108651, 50.575635400073125 ], [ 13.15010850003326, 50.559105499737854 ], [ 13.144065100129026, 50.553138400257161 ], [ 13.04397010040705, 50.566295200086955 ], [ 13.018464099797773, 50.53812030020017 ], [ 12.994610000384638, 50.551168499765517 ], [ 12.927794899569889, 50.543814699838251 ], [ 12.909468499714299, 50.510791000259374 ], [ 12.902334599852349, 50.554184700232526 ], [ 12.835239099803132, 50.555415999978663 ], [ 12.817174900212647, 50.513312599993831 ], [ 12.860721100122989, 50.468715599719715 ], [ 12.752391200174072, 50.517168799762096 ], [ 12.699141899824591, 50.490724299993673 ], [ 12.601740699704711, 50.539668299843598 ], [ 12.54630140011737, 50.482339199959249 ], [ 12.476100900238022, 50.450960299985852 ], [ 12.394014600391689, 50.441873499900673 ], [ 12.395472799659766, 50.423734500072008 ], [ 12.437104500155117, 50.414942700049338 ], [ 12.426030900274133, 50.381282199888155 ], [ 12.338144800272406, 50.429414999820956 ], [ 12.246964299646052, 50.416176799760834 ], [ 12.324121300085014, 50.348583799981093 ], [ 12.436826600033774, 50.334767899864794 ], [ 12.398162099600569, 50.321233600179248 ], [ 12.354713499849236, 50.237339700017479 ], [ 12.331294200304985, 50.242450300103236 ], [ 12.33535619966179, 50.171970700021447 ], [ 12.289362399622689, 50.176893500209324 ], [ 12.29390540010173, 50.221037000257972 ], [ 12.239476399781811, 50.246156700248051 ], [ 12.265940300029719, 50.250180799970458 ], [ 12.253843299851177, 50.270977900065141 ], [ 12.201324799646606, 50.272838999746007 ], [ 12.184605699633336, 50.322222999880708 ], [ 12.106530600312743, 50.322473499788344 ], [ 12.100805200425819, 50.318031499873968 ], [ 12.140061999651715, 50.277836699918716 ], [ 12.092430899633062, 50.249609999721081 ], [ 12.15107770041771, 50.235716300056851 ], [ 12.215972099848736, 50.168204999985868 ], [ 12.200805000287231, 50.108698399744775 ], [ 12.275413599741066, 50.076475599755412 ], [ 12.261627199991445, 50.058122599781399 ], [ 12.317282000025548, 50.053372400152512 ], [ 12.325875000165832, 50.032832999830426 ], [ 12.431649999818557, 50.002510200072301 ], [ 12.431480399689518, 49.984391999994372 ], [ 12.460738199709921, 49.994874300082465 ], [ 12.489959299957668, 49.981602499956104 ], [ 12.474931300026316, 49.938522400112831 ], [ 12.547675800044178, 49.920495999780371 ], [ 12.497979899887103, 49.837527500153584 ], [ 12.473057499683588, 49.833670999847968 ], [ 12.472651400089736, 49.786110000173053 ], [ 12.400555100126375, 49.75380489979122 ], [ 12.442452000361572, 49.703820299725088 ], [ 12.521986599710772, 49.686443800099951 ], [ 12.528103600382893, 49.618102100041042 ], [ 12.560742899881198, 49.619608899959687 ], [ 12.588541199872923, 49.538477299877208 ], [ 12.644195900194049, 49.522966200203669 ], [ 12.655551700431648, 49.434799400242703 ], [ 12.757667700235402, 49.394802200237635 ], [ 12.785782100307646, 49.345464299779053 ], [ 12.886846299576174, 49.332350299728269 ], [ 12.888845800278284, 49.350910800056248 ], [ 12.972628800304042, 49.333863899917084 ], [ 13.029111999743701, 49.30432859987976 ], [ 13.033982100173885, 49.263929499814061 ], [ 13.114176900171477, 49.218256999915752 ], [ 13.056936199961743, 49.192477299837108 ], [ 13.0554766999331, 49.158920599967367 ], [ 12.971497400051442, 49.1663287999285 ], [ 12.94533579996464, 49.138884700289694 ], [ 12.91463220012203, 49.13890799975912 ], [ 12.991460600423332, 49.074095299866357 ], [ 13.039758999577741, 49.078980799763961 ], [ 13.078597899838508, 49.042487800021242 ], [ 13.108021599827238, 49.034808299914694 ], [ 13.145491599647361, 49.0686169002024 ], [ 13.166438299846797, 49.063249899889229 ], [ 13.20681370012908, 48.984600099785595 ], [ 13.268255500224104, 48.963846599977522 ], [ 13.326824099968327, 48.910368800230124 ], [ 13.332975100077293, 48.869298999907336 ], [ 13.371887399883299, 48.903324799929514 ], [ 13.472329000184576, 48.863159800055577 ], [ 13.444012899584981, 48.845733099851927 ], [ 13.491972199990984, 48.824085599771038 ], [ 13.464324499861689, 48.784626399841059 ], [ 13.425489299761562, 48.81653810014128 ], [ 13.402050300163133, 48.762783200233166 ], [ 13.329824100216424, 48.733260299966595 ], [ 13.355520199611206, 48.686252000124284 ], [ 13.286574100008098, 48.703298199786602 ], [ 13.261228299556697, 48.681119199844808 ], [ 13.210194600430718, 48.688865800265354 ], [ 13.185272299940214, 48.738770100043993 ], [ 13.12680019991879, 48.749698000046514 ], [ 13.13650889955707, 48.779119500170509 ], [ 13.091970699959946, 48.780927599952861 ], [ 13.008859300203548, 48.837893300092531 ], [ 13.092016900315034, 48.881942599953277 ], [ 13.097612899681897, 48.831795300138722 ], [ 13.156151200149885, 48.836298599956756 ], [ 13.168651300447538, 48.81669029985445 ], [ 13.241349399786023, 48.809782800280338 ], [ 13.22108130042696, 48.78148859979985 ], [ 13.255572699665677, 48.76271270002195 ], [ 13.243483399845756, 48.753761899860187 ], [ 13.247951099944398, 48.749318399874433 ], [ 13.258595400340994, 48.745653400288894 ], [ 13.285030799739888, 48.767495100022558 ], [ 13.283434400055217, 48.817238899961318 ], [ 13.234860999642864, 48.859444599751185 ], [ 13.120691799717214, 48.887785300098457 ], [ 13.136149799818892, 48.924636199789376 ], [ 13.039265100444645, 48.958608399846987 ], [ 13.024298500362937, 48.942172499781627 ], [ 12.976978999865208, 48.957349099814074 ], [ 12.940351999768968, 48.874566299777342 ], [ 12.891352099920979, 48.89568029999365 ], [ 12.81467840029139, 48.8894888000561 ], [ 12.770358099642845, 48.962561599960132 ], [ 12.726375800001451, 48.96937759976165 ], [ 12.727455699838785, 48.99953189997845 ], [ 12.681861500082469, 49.017259799714282 ], [ 12.686168399948643, 49.046414199705623 ], [ 12.652855399919867, 49.031512499746455 ], [ 12.621332900355805, 49.064366499811321 ], [ 12.594756699917617, 49.059226200291803 ], [ 12.61761869993096, 49.095596399843743 ], [ 12.582257900380498, 49.101772899732481 ], [ 12.596127299970803, 49.124180900248184 ], [ 12.561411499777483, 49.137643400152307 ], [ 12.549042499612403, 49.193175699743961 ], [ 12.58450560020572, 49.233933000099512 ], [ 12.570157800115906, 49.247972100178629 ], [ 12.521146000285366, 49.236539000234075 ], [ 12.454469000174168, 49.265232899787492 ], [ 12.510069300318332, 49.314999699968951 ], [ 12.48191569956372, 49.319784800140191 ], [ 12.488039099833896, 49.365733400236891 ], [ 12.38094330003241, 49.378851099741695 ], [ 12.362288500363446, 49.392942699800706 ], [ 12.386386600174026, 49.417092499826353 ], [ 12.344005899666136, 49.413694299902339 ], [ 12.32636219966354, 49.446098500097854 ], [ 12.239248499889177, 49.425458200128922 ], [ 12.229413600428195, 49.454641299719285 ], [ 12.266086599656877, 49.484890000090161 ], [ 12.299354900415445, 49.482507900148029 ], [ 12.290188999702726, 49.508766900041614 ], [ 12.250719100328514, 49.50607719992793 ], [ 12.217834300246214, 49.526948999900092 ], [ 12.24388879959157, 49.557368600176282 ], [ 12.227742600150732, 49.588880299814292 ], [ 12.136545399843271, 49.603356499993083 ], [ 12.149933299746317, 49.639945299950192 ], [ 12.18934430018064, 49.63983650010492 ], [ 12.211616600227396, 49.66256779994908 ], [ 12.256258099793982, 49.633860899813357 ], [ 12.255216499628762, 49.674654799977361 ], [ 12.291950700179461, 49.674095100186634 ], [ 12.217428400078351, 49.698295200018087 ], [ 12.210723399950515, 49.725719300277888 ], [ 12.267447900350209, 49.756171600069933 ], [ 12.236470500297209, 49.771331200138412 ], [ 12.235739000364726, 49.799910599838306 ], [ 12.184159299819198, 49.821359999760027 ], [ 12.173822799968171, 49.856211600196509 ], [ 12.132429499772824, 49.821524199980587 ], [ 12.103137400278248, 49.82351250007315 ], [ 12.087757000244103, 49.785354400213272 ], [ 12.053983500444481, 49.794817399822961 ], [ 12.01593170044238, 49.770735100218481 ], [ 12.026914500411079, 49.749114400279673 ], [ 11.975979500083694, 49.739866099882782 ], [ 11.975106599935591, 49.707781000063569 ], [ 11.88794199982059, 49.750031800062693 ], [ 11.865054999692926, 49.731909000196637 ], [ 11.887732400406927, 49.721321200007957 ], [ 11.836696500408527, 49.727643300274345 ], [ 11.809664699611062, 49.712016200105751 ], [ 11.774214600334838, 49.738240099829113 ], [ 11.786505800108099, 49.754962100130165 ], [ 11.692809699580936, 49.804252800037943 ], [ 11.739178000075453, 49.834861600129543 ], [ 11.707497099679069, 49.846752400123037 ], [ 11.728879599572256, 49.86231170013621 ], [ 11.62333939977187, 49.864637899925782 ], [ 11.625873999939289, 49.904611599860608 ], [ 11.554600599895322, 49.892611899853144 ], [ 11.600443100284387, 49.970903299714251 ], [ 11.540952900025582, 49.980827400214075 ], [ 11.533888599835214, 49.999089000231663 ], [ 11.581525299951371, 50.011519499725047 ], [ 11.541906099678597, 50.050377500029533 ], [ 11.51128690015018, 50.046023200071133 ], [ 11.48152899992632, 50.06702259971788 ], [ 11.504798100256714, 50.072994000001387 ], [ 11.478250699806539, 50.090604200058692 ], [ 11.499719499950782, 50.113134800268931 ], [ 11.476085800396012, 50.161461099910461 ], [ 11.402671999795929, 50.227139600162893 ], [ 11.356045699558534, 50.236699000274044 ], [ 11.351638999559224, 50.254343500254684 ], [ 11.390332600017738, 50.268685900285412 ], [ 11.334371199587258, 50.28780150004237 ], [ 11.339204900282152, 50.302010999961603 ], [ 11.283559999682428, 50.270543499836798 ], [ 11.260416800035738, 50.276789900022528 ], [ 11.262286499569184, 50.352359800233877 ], [ 11.284137199591838, 50.360674600007151 ], [ 11.255088799559145, 50.456547800240202 ], [ 11.202279999787361, 50.412647999728378 ], [ 11.230434700079854, 50.357967600163505 ], [ 11.193527200137837, 50.325655599814148 ], [ 11.180423299916892, 50.320860199946651 ], [ 11.158020700136481, 50.322332500157316 ], [ 11.17772499975527, 50.321307900063786 ], [ 11.113786800350299, 50.367304999964254 ], [ 11.04302170033173, 50.344761400148862 ], [ 10.993357700248716, 50.365394299826157 ], [ 10.985868699948231, 50.347332999811975 ], [ 10.937239100033397, 50.39215789980846 ], [ 10.893213100048371, 50.380171499946684 ], [ 10.876094600076602, 50.396646999788516 ], [ 10.830472300119879, 50.392712199800705 ], [ 10.839407299668597, 50.419947400030345 ], [ 10.877193100430203, 50.432998300040261 ], [ 10.696503700427883, 50.485482500153523 ], [ 10.672805800076386, 50.529747099767036 ], [ 10.567610300020172, 50.533593800276684 ], [ 10.513820600145243, 50.563974400264186 ], [ 10.482051600172316, 50.552612199970085 ], [ 10.456117699653825, 50.57782589986995 ], [ 10.463694500391853, 50.630004700103179 ], [ 10.422744700248915, 50.628357400281921 ], [ 10.396158700089291, 50.649524899996067 ], [ 10.371816999631511, 50.622739300029387 ], [ 10.356800899682742, 50.639493900221069 ], [ 10.275384499594894, 50.617521100095161 ], [ 10.247986699997846, 50.584551900149719 ], [ 10.187317099805899, 50.592917899722039 ], [ 10.173146900241008, 50.550155600092658 ], [ 10.203994199986376, 50.554646700164398 ], [ 10.224938100137059, 50.532870499977534 ], [ 10.201196800377556, 50.501037500021738 ], [ 10.15915060014213, 50.490921700051089 ], [ 10.149276599711753, 50.511916600047286 ], [ 10.068327300215458, 50.518457000220252 ], [ 10.039419100249162, 50.502151199800267 ], [ 10.03044869989173, 50.478883299842721 ], [ 10.078994499566962, 50.481020699788694 ], [ 10.147731400405014, 50.444013099899252 ], [ 10.155901700084952, 50.407963899812778 ], [ 10.08092969975937, 50.373556500238749 ], [ 10.024214600229065, 50.37165200018741 ], [ 10.074633799598423, 50.30690489997756 ], [ 10.026090799971943, 50.297287499964774 ], [ 10.032579299828079, 50.230236000279227 ], [ 9.922894399969236, 50.243356100035946 ] ], [ [ 11.725662899626471, 50.048151100056998 ], [ 11.765635600438284, 50.036121000278364 ], [ 11.74276029996885, 49.989951199928434 ], [ 11.762600900067373, 49.961884499978666 ], [ 11.80651899981037, 49.976883700040226 ], [ 11.841446199641171, 49.965041299986304 ], [ 11.847970700380651, 49.996236999957254 ], [ 11.901549299757068, 49.987178500052501 ], [ 11.858885799716299, 50.023227800156654 ], [ 11.873718499616686, 50.032890499830863 ], [ 11.870351499845734, 50.08844279991569 ], [ 11.823916699765682, 50.077925300168815 ], [ 11.831816600256909, 50.09007180002186 ], [ 11.800356099718821, 50.107003700212054 ], [ 11.817103500256817, 50.084840700086623 ], [ 11.770878599627725, 50.094064499952843 ], [ 11.770732099676248, 50.068382399928026 ], [ 11.729096399881254, 50.065997100215434 ], [ 11.725662899626471, 50.048151100056998 ] ], [ [ 12.784101900383373, 49.280538499720343 ], [ 12.695832700354014, 49.2919108001213 ], [ 12.651363200316581, 49.32229059981757 ], [ 12.639533999602319, 49.250907600246805 ], [ 12.682540300348798, 49.230984200188971 ], [ 12.715888499963674, 49.267805999980496 ], [ 12.806236000013568, 49.224069699892375 ], [ 12.764920800247339, 49.272786000095458 ], [ 12.771869100086716, 49.272653599836957 ], [ 12.784101900383373, 49.280538499720343 ] ], [ [ 12.767163100299374, 49.114333199838846 ], [ 12.718057100433173, 49.112481000068485 ], [ 12.739654799837565, 49.057544499966617 ], [ 12.773026500278572, 49.043712100168698 ], [ 12.776004700211375, 48.992896600080144 ], [ 12.936448400346224, 48.938164299947168 ], [ 12.938041999982142, 49.001944199953819 ], [ 12.900911499559028, 48.990910900002056 ], [ 12.83730470034047, 49.009049800293141 ], [ 12.767163100299374, 49.114333199838846 ] ] ], [ [ [ 8.398492600331695, 50.27576160010782 ], [ 8.469342099766129, 50.308052500211978 ], [ 8.497592500280806, 50.245642399820582 ], [ 8.43605569975124, 50.22494659980341 ], [ 8.398492600331695, 50.27576160010782 ] ] ], [ [ [ 10.059615600286836, 50.75983359982451 ], [ 10.078727799640596, 50.810030300170204 ], [ 10.157310999560565, 50.796696200070627 ], [ 10.168886700193209, 50.77927960010495 ], [ 10.093661899573616, 50.745534899785603 ], [ 10.059615600286836, 50.75983359982451 ] ] ], [ [ [ 11.828887300116605, 49.987717399884353 ], [ 11.840734900124483, 49.990091199912179 ], [ 11.840240400018464, 49.983380900264684 ], [ 11.828887300116605, 49.987717399884353 ] ] ], [ [ [ 11.851697799714684, 50.07837729980394 ], [ 11.851918199573017, 50.077403499982118 ], [ 11.851089100379854, 50.077424999809999 ], [ 11.851697799714684, 50.07837729980394 ] ] ], [ [ [ 11.691358299661221, 50.68807149993728 ], [ 11.720109399555689, 50.669496200156047 ], [ 11.710993899720322, 50.664713099951669 ], [ 11.691358299661221, 50.68807149993728 ] ] ], [ [ [ 13.553408399988536, 48.571146799969796 ], [ 13.577018599615471, 48.564933899770715 ], [ 13.589571500190583, 48.598173499993855 ], [ 13.560306699599202, 48.653326499919217 ], [ 13.483277100030495, 48.653955000278046 ], [ 13.494068099804554, 48.684526200169614 ], [ 13.531139400352117, 48.696969299931474 ], [ 13.522165999621643, 48.725548500067383 ], [ 13.473365099965299, 48.72022989974181 ], [ 13.500514899865228, 48.793435300213964 ], [ 13.538798899995202, 48.778518300210983 ], [ 13.586701000175525, 48.796305099974418 ], [ 13.674352799788235, 48.761152500010439 ], [ 13.697690400252331, 48.77375559989855 ], [ 13.713921600081957, 48.723759299857619 ], [ 13.758816899767455, 48.711348400107511 ], [ 13.777329300294225, 48.725298499946092 ], [ 13.837409699982903, 48.700586199800327 ], [ 13.813506300128662, 48.691850000255322 ], [ 13.827186800184387, 48.628038299815543 ], [ 13.805901000338251, 48.579763600049006 ], [ 13.770305499750132, 48.553647799836618 ], [ 13.755559400138097, 48.564933600153395 ], [ 13.727090700026233, 48.513019100201724 ], [ 13.599771200098559, 48.56938830003805 ], [ 13.57911580018957, 48.559450099907089 ], [ 13.553408399988536, 48.571146799969796 ] ] ] ] } },
{ "type": "Feature", "properties": { "climate_region": 11 }, "geometry": { "type": "MultiPolygon", "coordinates": [ [ [ [ 8.080261300066507, 47.84585259972755 ], [ 8.120636599737514, 47.788189599892817 ], [ 8.154321799636275, 47.772721000192227 ], [ 8.182908499748935, 47.783143399989072 ], [ 8.192865299695645, 47.763376100242283 ], [ 8.191989000322522, 47.748259299986643 ], [ 8.150986799652395, 47.746322900176352 ], [ 8.11606529963208, 47.669632999886041 ], [ 8.101686600191437, 47.714243699961429 ], [ 8.144783199590284, 47.74712860001393 ], [ 8.094434299680117, 47.751147299720763 ], [ 8.082899899990991, 47.718853299813915 ], [ 8.038107699950666, 47.713043999792681 ], [ 8.015426900011615, 47.775371800266875 ], [ 7.955622699933442, 47.757342600057584 ], [ 7.939093800215281, 47.767774800281153 ], [ 7.961349800331204, 47.788481200170843 ], [ 7.927102299980359, 47.797401300031119 ], [ 7.918556899770374, 47.830801100281832 ], [ 7.855084299872103, 47.838438200170067 ], [ 7.892709300401238, 47.879971299975146 ], [ 8.143280499579626, 47.876083300245433 ], [ 8.080261300066507, 47.84585259972755 ] ] ], [ [ [ 12.720638899882251, 49.113369399837225 ], [ 12.777014400302534, 49.111149100037863 ], [ 12.83730470034047, 49.009049800293141 ], [ 12.900911499559028, 48.990910900002056 ], [ 12.936905499993722, 49.002997499722994 ], [ 12.936448400346224, 48.938164299947168 ], [ 12.776004700211375, 48.992896600080144 ], [ 12.773026500278572, 49.043712100168698 ], [ 12.739654799837565, 49.057544499966617 ], [ 12.720638899882251, 49.113369399837225 ] ] ], [ [ [ 11.863331700397946, 50.021410700122097 ], [ 11.89929800038251, 49.998963699730993 ], [ 11.89985979957468, 49.985412000099728 ], [ 11.847970700380651, 49.996236999957254 ], [ 11.841446199641171, 49.965041299986304 ], [ 11.80651899981037, 49.976883700040226 ], [ 11.762600900067373, 49.961884499978666 ], [ 11.74276029996885, 49.989951199928434 ], [ 11.765635600438284, 50.036121000278364 ], [ 11.722988200003995, 50.044552499853189 ], [ 11.729096399881254, 50.065997100215434 ], [ 11.770692500141898, 50.068350699947409 ], [ 11.772150899734296, 50.094490300254527 ], [ 11.817103500256817, 50.084840700086623 ], [ 11.800356099718821, 50.107003700212054 ], [ 11.823916699765682, 50.077925300168815 ], [ 11.870351499845734, 50.08844279991569 ], [ 11.863331700397946, 50.021410700122097 ] ], [ [ 11.840132300350412, 49.990364999902944 ], [ 11.838103699622991, 49.983063499774339 ], [ 11.841047099720003, 49.984249800036167 ], [ 11.840132300350412, 49.990364999902944 ] ], [ [ 11.851089100379854, 50.077424999809999 ], [ 11.853341200153325, 50.078724299860411 ], [ 11.853338499817584, 50.079425300026273 ], [ 11.851089100379854, 50.077424999809999 ] ] ], [ [ [ 12.489547699979324, 50.349796599818646 ], [ 12.412498200032116, 50.333725199887574 ], [ 12.398470599933772, 50.350705000003799 ], [ 12.328512099903763, 50.347038700162145 ], [ 12.246129499744107, 50.415498699883159 ], [ 12.338144800272406, 50.429414999820956 ], [ 12.426030900274133, 50.381282199888155 ], [ 12.437104500155117, 50.414942700049338 ], [ 12.395472799659766, 50.423734500072008 ], [ 12.394014600391689, 50.441873499900673 ], [ 12.476100900238022, 50.450960299985852 ], [ 12.54630140011737, 50.482339199959249 ], [ 12.601740699704711, 50.539668299843598 ], [ 12.699141899824591, 50.490724299993673 ], [ 12.752391200174072, 50.517168799762096 ], [ 12.860721100122989, 50.468715599719715 ], [ 12.817174900212647, 50.513312599993831 ], [ 12.835239099803132, 50.555415999978663 ], [ 12.902334599852349, 50.554184700232526 ], [ 12.909468499714299, 50.510791000259374 ], [ 12.927794899569889, 50.543814699838251 ], [ 12.994610000384638, 50.551168499765517 ], [ 13.018464099797773, 50.53812030020017 ], [ 13.04397010040705, 50.566295200086955 ], [ 13.144065100129026, 50.553138400257161 ], [ 13.116993500371191, 50.60524239980775 ], [ 13.162450200396849, 50.617414899800465 ], [ 13.117762699901196, 50.656314400008796 ], [ 13.138259799589136, 50.680169200036765 ], [ 13.171903100266411, 50.698968699726962 ], [ 13.21692470038592, 50.662336500076727 ], [ 13.229491600306401, 50.687593399915365 ], [ 13.27110859987215, 50.679659199965492 ], [ 13.291785800096434, 50.645883500225892 ], [ 13.237491200319456, 50.631355499879547 ], [ 13.247312200148048, 50.597334599740542 ], [ 13.303326499670671, 50.613725300118631 ], [ 13.327688200219898, 50.608790400029598 ], [ 13.325059099979553, 50.582734899912545 ], [ 13.291094700097215, 50.574928700082083 ], [ 13.251835799711875, 50.594686499773786 ], [ 13.195291900210142, 50.503240700241577 ], [ 13.132567700249815, 50.518621300270439 ], [ 13.085297200155862, 50.500221299729475 ], [ 13.031877399565483, 50.509835199998761 ], [ 13.019869399973741, 50.446556900052897 ], [ 12.948093399714825, 50.404251300136266 ], [ 12.819035300386274, 50.46029240018877 ], [ 12.810498499748503, 50.430898399866443 ], [ 12.794856200384848, 50.449431100228637 ], [ 12.734472899562139, 50.432339599951383 ], [ 12.707117999909809, 50.397120399979677 ], [ 12.673273100214788, 50.416804300260857 ], [ 12.51203169970089, 50.397259499792341 ], [ 12.489547699979324, 50.349796599818646 ] ] ], [ [ [ 13.241349399786023, 48.809782800280338 ], [ 13.156151200149885, 48.836298599956756 ], [ 13.097304100209726, 48.831946700164252 ], [ 13.092016900315034, 48.881942599953277 ], [ 13.034044100098157, 48.90861469999853 ], [ 13.007965000388753, 48.872751200184574 ], [ 12.947974999963753, 48.871755999773505 ], [ 12.975530199669928, 48.95673910025841 ], [ 13.109449199781819, 48.935804400030662 ], [ 13.136149799818892, 48.924636199789376 ], [ 13.120691799717214, 48.887785300098457 ], [ 13.234860999642864, 48.859444599751185 ], [ 13.283730299719901, 48.816558099874236 ], [ 13.285030799739888, 48.767495100022558 ], [ 13.258595400340994, 48.745653400288894 ], [ 13.22108130042696, 48.78148859979985 ], [ 13.241349399786023, 48.809782800280338 ] ] ], [ [ [ 13.16346269963843, 49.064919999917301 ], [ 13.108021599827238, 49.034808299914694 ], [ 13.039758999577741, 49.078980799763961 ], [ 13.005511200087897, 49.066097800220717 ], [ 12.914087900111618, 49.145742399938186 ], [ 12.94533579996464, 49.138884700289694 ], [ 12.971497400051442, 49.1663287999285 ], [ 13.045096700062761, 49.15506610015543 ], [ 13.060543700293779, 49.194831400081753 ], [ 13.129349200080181, 49.196888700247918 ], [ 13.174170599858824, 49.170355900119063 ], [ 13.182775800018957, 49.134484800135191 ], [ 13.236059300129602, 49.113716000071712 ], [ 13.289182500369359, 49.118635099940811 ], [ 13.396288799679887, 49.051542300288119 ], [ 13.426184499671736, 48.972491699712762 ], [ 13.497845500302928, 48.941261000285003 ], [ 13.507070800317154, 48.969112700094264 ], [ 13.580078300100736, 48.970739099760983 ], [ 13.61024600007916, 48.938622399928491 ], [ 13.630394500436259, 48.947863299996484 ], [ 13.671433199656356, 48.880141499740525 ], [ 13.737928099581339, 48.886015399962965 ], [ 13.815229099960321, 48.797088299740018 ], [ 13.803388199587829, 48.780822399833781 ], [ 13.839551800151527, 48.771617400066781 ], [ 13.801137200250569, 48.716646099955604 ], [ 13.713921600081957, 48.723759299857619 ], [ 13.697690400252331, 48.77375559989855 ], [ 13.669058300183529, 48.761827700127533 ], [ 13.586701000175525, 48.796305099974418 ], [ 13.53926379971433, 48.778541000256347 ], [ 13.519802300343795, 48.795316700030284 ], [ 13.47889290013412, 48.787171099847569 ], [ 13.491444299624384, 48.82513699978977 ], [ 13.444240900088921, 48.840759800290414 ], [ 13.472329000184576, 48.863159800055577 ], [ 13.371887399883299, 48.903324799929514 ], [ 13.3562515001177, 48.873931600043683 ], [ 13.332975100077293, 48.869298999907336 ], [ 13.326824099968327, 48.910368800230124 ], [ 13.268255500224104, 48.963846599977522 ], [ 13.20681370012908, 48.984600099785595 ], [ 13.16346269963843, 49.064919999917301 ] ] ] ] } },
{ "type": "Feature", "properties": { "climate_region": 12 }, "geometry": { "type": "MultiPolygon", "coordinates": [ [ [ [ 7.795685199562878, 47.557382200068311 ], [ 7.674674300177647, 47.533753600184085 ], [ 7.633955800050687, 47.561223499733238 ], [ 7.685919400124496, 47.565610300202778 ], [ 7.671749900347211, 47.587276300083225 ], [ 7.693790300303392, 47.600771599904924 ], [ 7.619134300345279, 47.576869699955942 ], [ 7.589038799762873, 47.589896900290135 ], [ 7.511986499766912, 47.696080699846824 ], [ 7.548411599909813, 47.731941399752714 ], [ 7.52981720026559, 47.780919700235806 ], [ 7.556578399753427, 47.878036400138747 ], [ 7.621896900118307, 47.972499200051232 ], [ 7.568900900424453, 48.034570399700932 ], [ 7.577184700443929, 48.11965639979914 ], [ 7.666537399859991, 48.221560100201764 ], [ 7.693542100281951, 48.301636399772136 ], [ 7.744268599835257, 48.326748900119718 ], [ 7.732599399852916, 48.395677099770296 ], [ 7.767986299953945, 48.489241400008872 ], [ 7.804729899577476, 48.512587899980396 ], [ 7.80077300041398, 48.585229899818401 ], [ 7.839391100167812, 48.640971399979946 ], [ 7.963227999723886, 48.721485600089565 ], [ 7.972374500419687, 48.758173100115336 ], [ 8.088999699722024, 48.803562100041795 ], [ 8.143763800389033, 48.899892599888574 ], [ 8.195366600213791, 48.956869999955231 ], [ 8.232849100091091, 48.966084500194079 ], [ 8.068881099789179, 48.997607299826598 ], [ 8.055563500243618, 49.073873400050637 ], [ 8.120410800105995, 49.102712799868037 ], [ 8.13201879966468, 49.172040700040775 ], [ 8.068138999736346, 49.154863900250483 ], [ 8.05566379984004, 49.191790500069636 ], [ 7.973935999657259, 49.178288400041971 ], [ 7.989465699691669, 49.202465199882077 ], [ 8.064972200306261, 49.203310400197417 ], [ 8.07444070031905, 49.229926700181259 ], [ 8.151853199591102, 49.230852500226831 ], [ 8.108072799903049, 49.264243099973406 ], [ 8.199802100201078, 49.310459699829657 ], [ 8.162906699667598, 49.314192199888133 ], [ 8.178221200190839, 49.326324199802052 ], [ 8.107286100292988, 49.357637899969312 ], [ 8.097274699844965, 49.387670799751284 ], [ 8.121620800250996, 49.393515500106794 ], [ 8.113328200335022, 49.410372899989348 ], [ 8.20595539999718, 49.435851399973586 ], [ 8.254403400087446, 49.489178000291169 ], [ 8.213262000074153, 49.480293199772866 ], [ 8.195556099822964, 49.494261099721641 ], [ 8.145201200065015, 49.475162700107553 ], [ 8.201626300065403, 49.519422099902272 ], [ 8.122882299912897, 49.55569009995957 ], [ 8.177446099627733, 49.610917600088115 ], [ 8.102107399816624, 49.698503200238605 ], [ 8.052798299847826, 49.699151600040494 ], [ 8.060361200055167, 49.73094059997559 ], [ 7.966994100314269, 49.69801839976067 ], [ 7.940346199943352, 49.754453700054803 ], [ 7.890600000418565, 49.692370000173391 ], [ 7.820404799701095, 49.67323460026433 ], [ 7.778337600447585, 49.682799300022111 ], [ 7.745218700300586, 49.658474599830122 ], [ 7.712558000237264, 49.666520000232879 ], [ 7.722951199952388, 49.627784099996994 ], [ 7.684204899827719, 49.621411000212028 ], [ 7.651407099784048, 49.644946499931777 ], [ 7.675099300325096, 49.669291600037894 ], [ 7.62956910014289, 49.660325700081209 ], [ 7.584834899828863, 49.713219799858919 ], [ 7.491738099563733, 49.702784400137546 ], [ 7.523475399786919, 49.721149000214531 ], [ 7.516583600385651, 49.744324099712045 ], [ 7.468908299661749, 49.739753200139667 ], [ 7.4440094002844, 49.765550500284689 ], [ 7.415456999645915, 49.747564899793431 ], [ 7.443514600141049, 49.786608100112559 ], [ 7.395791299736604, 49.821561000134317 ], [ 7.426476599998544, 49.808916700142383 ], [ 7.484391200164771, 49.826476800111109 ], [ 7.448527900112373, 49.853335399950311 ], [ 7.494350200085639, 49.860629700104084 ], [ 7.525738500329381, 49.831083900221046 ], [ 7.505635099891125, 49.809959300217628 ], [ 7.544463099994247, 49.805430199754987 ], [ 7.541064800223863, 49.835826300137605 ], [ 7.57709460031925, 49.814056399904835 ], [ 7.562700400448393, 49.737888300139282 ], [ 7.643116200378913, 49.755981899798087 ], [ 7.682671299567937, 49.801089700219599 ], [ 7.637432800324783, 49.828768600144592 ], [ 7.658188799867492, 49.855625400187215 ], [ 7.584470100280201, 49.909984300138206 ], [ 7.630990199888074, 49.935168499856829 ], [ 7.845301100252339, 49.915566599796477 ], [ 7.770073099833684, 49.982989500202279 ], [ 7.818774800329853, 49.980622499933922 ], [ 7.869477599631036, 49.946438899935352 ], [ 7.892863600424312, 49.956650899989519 ], [ 7.863893500246722, 49.975044400133854 ], [ 7.967480399700086, 49.97773789991011 ], [ 8.054657000408943, 50.005088700234325 ], [ 8.011222000252703, 50.07562500007635 ], [ 8.067660799561125, 50.094726499733866 ], [ 8.130652300420776, 50.081139500030368 ], [ 8.112171100180461, 50.093650999881802 ], [ 8.160114600118954, 50.124249100083681 ], [ 8.244707399932331, 50.149666100118772 ], [ 8.323242900209054, 50.151071800010357 ], [ 8.339950800027347, 50.12855980002098 ], [ 8.385087000024273, 50.142386600016749 ], [ 8.475557299773524, 50.101147099844475 ], [ 8.480443600421529, 50.136099199746191 ], [ 8.512895000210154, 50.133240199903035 ], [ 8.518203899808865, 50.151138099816137 ], [ 8.564002999891594, 50.127311000287435 ], [ 8.531572200269041, 50.171716200138903 ], [ 8.560540099574208, 50.166657200083179 ], [ 8.547511799770955, 50.187642799775674 ], [ 8.592058299801295, 50.167318599780991 ], [ 8.638737299704813, 50.201739800103567 ], [ 8.573703499707969, 50.232415600123517 ], [ 8.658557899711859, 50.231274899841118 ], [ 8.689902799649262, 50.252334399855492 ], [ 8.658891300446406, 50.270319900228856 ], [ 8.670606900209824, 50.28733529996822 ], [ 8.592327700063436, 50.290552200158047 ], [ 8.713618299793827, 50.348584200094706 ], [ 8.708828799804216, 50.429101600240259 ], [ 8.737197399745646, 50.442343800063831 ], [ 8.840197000429166, 50.431647699925293 ], [ 8.869488599562125, 50.444822199868199 ], [ 8.924151499622457, 50.411034999863801 ], [ 8.957332200267771, 50.416869000262786 ], [ 8.952367800088949, 50.37973479989023 ], [ 9.055092800163163, 50.390211599903132 ], [ 9.05181139995733, 50.364673199998968 ], [ 8.987006399965043, 50.34550869976573 ], [ 9.037340299806578, 50.316058199717403 ], [ 9.107041299557029, 50.342923000259056 ], [ 9.152993300087621, 50.324900099726236 ], [ 9.18901379992486, 50.343458199756981 ], [ 9.225517199922866, 50.33387400016813 ], [ 9.192319499559112, 50.279884900228545 ], [ 9.216774400319098, 50.26931889972839 ], [ 9.254498600008409, 50.285843299893237 ], [ 9.238321299994126, 50.248868400103909 ], [ 9.266236000087119, 50.226448699962624 ], [ 9.351141100107325, 50.242703799726968 ], [ 9.332991500377743, 50.331765700037138 ], [ 9.378357699630119, 50.354699299769514 ], [ 9.405947900394702, 50.343569200131711 ], [ 9.411594500064902, 50.29739579980626 ], [ 9.497096500048698, 50.254126599831402 ], [ 9.505554600182723, 50.214321999768224 ], [ 9.463098999943076, 50.213730500143114 ], [ 9.465266599689377, 50.180954800000109 ], [ 9.420158299568538, 50.192992900201766 ], [ 9.407589600322536, 50.176682900182648 ], [ 9.370924800017432, 50.181544099995939 ], [ 9.401579800104873, 50.132236700151907 ], [ 9.221498099612482, 50.149453799994774 ], [ 9.198848599672864, 50.107363499870942 ], [ 9.228777900249579, 50.079952299829955 ], [ 9.21653210043246, 50.052065999731084 ], [ 9.272431500040335, 50.066427900139942 ], [ 9.311697799848666, 50.056537899878549 ], [ 9.246401999911006, 50.005444999978536 ], [ 9.279490299846211, 50.004337500016263 ], [ 9.297040000137461, 49.986465400167539 ], [ 9.273977199708691, 49.969575300052384 ], [ 9.305919800008601, 49.947445299993895 ], [ 9.26999869965586, 49.934120999827357 ], [ 9.281136699759593, 49.900247300239577 ], [ 9.245364399943764, 49.859398000017869 ], [ 9.287909099584887, 49.866978899841598 ], [ 9.318039799753361, 49.832612699803825 ], [ 9.354091899627328, 49.836123599732154 ], [ 9.353436900224432, 49.773010099942184 ], [ 9.419165800418469, 49.761426500286483 ], [ 9.401027799735809, 49.748947700031202 ], [ 9.4205491996678, 49.726671200074811 ], [ 9.385679999563296, 49.731893500022679 ], [ 9.380764200038007, 49.705382899894232 ], [ 9.344608400444237, 49.70009970021777 ], [ 9.373968300284876, 49.727972100076009 ], [ 9.352175099626903, 49.731952099886385 ], [ 9.301297000386231, 49.70739389998807 ], [ 9.372600200243147, 49.672121200082529 ], [ 9.343275100238296, 49.682878400274944 ], [ 9.310265899658814, 49.653924000161808 ], [ 9.221429400052791, 49.666066599910756 ], [ 9.224367200052329, 49.687365700226643 ], [ 9.209785800259434, 49.671668100206368 ], [ 9.158606200358275, 49.679726199874651 ], [ 9.121793300202162, 49.710218399927705 ], [ 9.150579499969753, 49.742675299728312 ], [ 9.106888499720441, 49.758742999962834 ], [ 9.132152900230718, 49.794192599910794 ], [ 9.090619399968974, 49.790747899804771 ], [ 9.08526089989186, 49.84767529975214 ], [ 9.063968400410339, 49.831798200140113 ], [ 9.004098699673236, 49.856346399739145 ], [ 8.999383999702374, 49.823694300017948 ], [ 8.937784200321895, 49.813998499755307 ], [ 8.892007900379395, 49.867025600261243 ], [ 8.861864300403438, 49.86232539996081 ], [ 8.840740299716378, 49.886399399923761 ], [ 8.76317640018298, 49.902559499838965 ], [ 8.796764599997358, 49.941016500262876 ], [ 8.744342300376553, 49.960124400237007 ], [ 8.739106599998761, 49.929920200126034 ], [ 8.699342699998361, 49.920768299858793 ], [ 8.661578200088764, 49.876553900270245 ], [ 8.678142099967035, 49.806983900068587 ], [ 8.61824839983881, 49.772344899820055 ], [ 8.641463000279233, 49.727349199953593 ], [ 8.673780799923902, 49.725195799872445 ], [ 8.657640000256217, 49.699681400074802 ], [ 8.701642399702132, 49.697846199844932 ], [ 8.713318799681476, 49.680394600098715 ], [ 8.5888900998977, 49.646058899794987 ], [ 8.597756000136417, 49.611042200018559 ], [ 8.67815629963672, 49.625696599793656 ], [ 8.692664800246027, 49.623590499977773 ], [ 8.668926700285551, 49.61283150028801 ], [ 8.698335400205648, 49.599644800251959 ], [ 8.680313300160968, 49.575870900205857 ], [ 8.702615300307659, 49.53527690024444 ], [ 8.766397500077016, 49.514796300140787 ], [ 8.746261600388401, 49.494664900095167 ], [ 8.63846499968094, 49.490207700241562 ], [ 8.646495700267439, 49.459557799760582 ], [ 8.619947699742635, 49.444902599834265 ], [ 8.693956399758173, 49.411007200068909 ], [ 8.697489100071429, 49.379506700005876 ], [ 8.768829800099875, 49.379192600158028 ], [ 8.835688300322628, 49.428700799871642 ], [ 8.83210540035464, 49.454897000112538 ], [ 8.88569110001508, 49.416660099714058 ], [ 8.904020299919424, 49.445624499741335 ], [ 8.951219700155242, 49.451149599981264 ], [ 8.982833100242862, 49.418666599714001 ], [ 9.056160899730925, 49.428050700267882 ], [ 9.05341439956441, 49.41422750027548 ], [ 9.114597800166248, 49.427971599877459 ], [ 9.136270299589386, 49.460751399969908 ], [ 9.151275800316137, 49.443562199762333 ], [ 9.127840100229742, 49.427012000273848 ], [ 9.184751799653212, 49.41762290028543 ], [ 9.158639800044844, 49.384647400064772 ], [ 9.196883400241555, 49.343239500087407 ], [ 9.13051799965128, 49.29104630001072 ], [ 9.157760299974331, 49.259850500203797 ], [ 9.184521399749157, 49.264783299882744 ], [ 9.181449699568329, 49.235406400247733 ], [ 9.216696899964575, 49.208150399753357 ], [ 9.169240899561091, 49.215621300148335 ], [ 9.164789099642972, 49.191122799737755 ], [ 9.212899900023331, 49.187897900177099 ], [ 9.266505700386558, 49.14566069992761 ], [ 9.202767500099837, 49.13247140011957 ], [ 9.260555900443361, 49.100210200053226 ], [ 9.20395419974299, 49.065384300288578 ], [ 9.25628209990214, 49.033647500257736 ], [ 9.245724000043593, 48.995351000071132 ], [ 9.35188769982142, 48.98913580008891 ], [ 9.341323699828068, 48.96890020001036 ], [ 9.251898299756075, 48.954381599954026 ], [ 9.222661699976404, 48.927146400000794 ], [ 9.311909999885094, 48.915013299998101 ], [ 9.305774200169047, 48.874762900067751 ], [ 9.275895299571317, 48.859926700211645 ], [ 9.319696499749798, 48.783431299728512 ], [ 9.256241799681854, 48.740667400144716 ], [ 9.31193780004817, 48.709897699810377 ], [ 9.244912700069451, 48.694668900056641 ], [ 9.270145499644666, 48.663398399787148 ], [ 9.222760500284606, 48.623755400005685 ], [ 9.171782399688214, 48.63444279989838 ], [ 9.12804659955739, 48.676794400122525 ], [ 9.085922100365156, 48.674569799838537 ], [ 9.112805399764708, 48.68995909978225 ], [ 9.102457299968426, 48.709181000146103 ], [ 9.167930700431009, 48.706403999753775 ], [ 9.132095700005005, 48.720281100043941 ], [ 9.124839400194039, 48.757670299757919 ], [ 9.087422300364357, 48.761822400286434 ], [ 9.09355750000581, 48.83552340015342 ], [ 9.054250500226885, 48.843829200032616 ], [ 9.063913199834429, 48.867364799978269 ], [ 9.014367700113796, 48.915714599998815 ], [ 9.094510699658827, 48.950470499884403 ], [ 9.089672500201035, 48.980901400119826 ], [ 8.971024000231454, 49.041638000003452 ], [ 8.999019399579666, 49.094917099987299 ], [ 8.944962999778371, 49.108324000223952 ], [ 8.961776500151592, 49.127695100125429 ], [ 8.940289500139686, 49.161818800181209 ], [ 9.00301409985032, 49.179445499732331 ], [ 8.863392700316057, 49.174366999974033 ], [ 8.813359899588074, 49.201331400268536 ], [ 8.752862100397556, 49.20551449972367 ], [ 8.724152400261254, 49.237684900220614 ], [ 8.69485260040809, 49.231900899865707 ], [ 8.677586599761645, 49.205196000193716 ], [ 8.715947299847226, 49.177758999836264 ], [ 8.640977399782757, 49.141607700262362 ], [ 8.685385299646226, 49.09062539986099 ], [ 8.519863699891349, 49.031076099837023 ], [ 8.494988599580804, 48.958010000239746 ], [ 8.478279999974871, 48.982013200112981 ], [ 8.390312400319011, 48.957605700270094 ], [ 8.360915199732828, 48.974259800163487 ], [ 8.348375000437507, 48.923366399899358 ], [ 8.296360700347416, 48.913563499923022 ], [ 8.295279099999243, 48.850788300058255 ], [ 8.235130999677478, 48.848875899810984 ], [ 8.253784000020957, 48.791537099949778 ], [ 8.189462299939713, 48.742559099872601 ], [ 8.137902300346664, 48.739584500135507 ], [ 8.114933799666503, 48.758294299862854 ], [ 8.035520100079829, 48.719567300001643 ], [ 8.040683999913549, 48.691233399996513 ], [ 8.074437499621693, 48.720016000184657 ], [ 8.087882299713156, 48.681060899872385 ], [ 8.101951199856689, 48.692641600127949 ], [ 8.147946700406628, 48.665415299955157 ], [ 8.121755199895604, 48.649081399986166 ], [ 8.06601820041973, 48.654690300170401 ], [ 8.102265099963045, 48.62388859993937 ], [ 8.090601299753892, 48.569579000016894 ], [ 8.004547300299398, 48.565681100062228 ], [ 8.033260800309321, 48.50771659979425 ], [ 7.968055200209348, 48.510000100260996 ], [ 8.042103799796532, 48.456651899758668 ], [ 8.097371399892051, 48.446947300225304 ], [ 8.0541199003955, 48.381138500296089 ], [ 8.154127300004223, 48.338584899895153 ], [ 8.121645699754042, 48.267650600101234 ], [ 8.083081400102579, 48.255166999757449 ], [ 8.072548100034066, 48.226118199726372 ], [ 8.03051249991899, 48.224488600160427 ], [ 8.02674689969019, 48.247554900098599 ], [ 7.990404999712296, 48.252606499795384 ], [ 7.976427999917256, 48.349811600020296 ], [ 7.898557199950186, 48.302269100255131 ], [ 7.891956900265352, 48.270277599953047 ], [ 7.760384599712871, 48.276947800245225 ], [ 7.814951200374757, 48.22448069975696 ], [ 7.848581000271619, 48.233939900193704 ], [ 7.941413899760839, 48.206589200140904 ], [ 7.859326000014944, 48.204999799912734 ], [ 7.878382699653828, 48.169422600240502 ], [ 7.817162999927976, 48.135977200172562 ], [ 7.865604199771514, 48.056945100175476 ], [ 7.796339100326193, 48.060955099876324 ], [ 7.789973299558069, 48.036046600145369 ], [ 7.841755500131598, 48.013098199704778 ], [ 7.806124700244367, 47.986091400206149 ], [ 7.825319499688503, 47.972215800162431 ], [ 7.76558370003102, 47.956438599830726 ], [ 7.772101999700104, 47.942806199810654 ], [ 7.779357500010486, 47.941343500207999 ], [ 7.780929300229408, 47.93580830007263 ], [ 7.72883529981067, 47.953963800131277 ], [ 7.706919100027351, 47.943193100009438 ], [ 7.720300400008024, 47.889979700271475 ], [ 7.658862699823953, 47.846314599823053 ], [ 7.698977199703365, 47.83327129976076 ], [ 7.700774600127782, 47.808697700111018 ], [ 7.658927100046669, 47.810653700119182 ], [ 7.691995900251978, 47.785241600257791 ], [ 7.652767000003873, 47.794409800142525 ], [ 7.662458799636725, 47.776795400278715 ], [ 7.619563999579944, 47.757227299812442 ], [ 7.616381999756973, 47.774575700257962 ], [ 7.573563700229776, 47.775553699848345 ], [ 7.550998299668758, 47.744054900237394 ], [ 7.632350799895472, 47.723740799700018 ], [ 7.635247299849821, 47.740860600135932 ], [ 7.688655699920935, 47.746720900041716 ], [ 7.718267700267947, 47.710965599746459 ], [ 7.729008600100318, 47.616553799839025 ], [ 7.764883400384994, 47.622470499716506 ], [ 7.758091700255827, 47.641764200253881 ], [ 7.776631500297066, 47.670203200282636 ], [ 7.793401700076961, 47.670821600204832 ], [ 7.786221500146977, 47.620129699758536 ], [ 7.826432300323132, 47.623635200226744 ], [ 7.835983100389003, 47.588258300085869 ], [ 7.795685199562878, 47.557382200068311 ] ], [ [ 8.196794899955975, 49.573285799892936 ], [ 8.212135200094155, 49.553664299759717 ], [ 8.220226999594704, 49.579314800148858 ], [ 8.196794899955975, 49.573285799892936 ] ] ], [ [ [ 7.753758000051448, 49.525988699745518 ], [ 7.690650199701873, 49.532005699865586 ], [ 7.638721500075165, 49.574858900170092 ], [ 7.732786599774988, 49.60521820021728 ], [ 7.739289099874854, 49.573457999821997 ], [ 7.783041199936514, 49.559119200156644 ], [ 7.753758000051448, 49.525988699745518 ] ] ], [ [ [ 7.401956999876873, 49.823163400142526 ], [ 7.395312999848406, 49.839694800108205 ], [ 7.424035800116481, 49.842011600118596 ], [ 7.401956999876873, 49.823163400142526 ] ] ], [ [ [ 7.91260600028923, 47.57837300010852 ], [ 7.999549000396676, 47.586580999988399 ], [ 8.021827799754529, 47.622686700193583 ], [ 8.088223399908026, 47.612125699913555 ], [ 8.11650809989688, 47.670307499771454 ], [ 8.191061799710434, 47.612796099786841 ], [ 8.089276500305488, 47.557702699840291 ], [ 7.960282500264058, 47.558058000238049 ], [ 7.944264800333025, 47.543786999797824 ], [ 7.910246499737013, 47.552328000060072 ], [ 7.91260600028923, 47.57837300010852 ] ] ], [ [ [ 8.043299399947529, 49.271297900264528 ], [ 8.016636999869593, 49.273419899909619 ], [ 8.005991599935086, 49.296376099927265 ], [ 8.024467599828236, 49.29734979988519 ], [ 8.043299399947529, 49.271297900264528 ] ] ], [ [ [ 8.088720099988173, 49.282149100103375 ], [ 8.065633399881259, 49.277030900049311 ], [ 8.058757400049172, 49.282188499940062 ], [ 8.088720099988173, 49.282149100103375 ] ] ], [ [ [ 8.024467599828236, 49.29734979988519 ], [ 8.042991700013237, 49.303861200004697 ], [ 8.03269039974831, 49.290223599708405 ], [ 8.024467599828236, 49.29734979988519 ] ] ], [ [ [ 7.997239899823477, 49.327932800269039 ], [ 7.983228799980252, 49.311472400163019 ], [ 7.984171999587546, 49.333527299875584 ], [ 7.997239899823477, 49.327932800269039 ] ] ], [ [ [ 8.052674299999282, 49.463099199719757 ], [ 8.078173800399162, 49.454677000054822 ], [ 8.06801349970125, 49.451132500129219 ], [ 8.052674299999282, 49.463099199719757 ] ] ], [ [ [ 7.85417319976486, 49.971273399786618 ], [ 7.853025200442461, 49.970783500162632 ], [ 7.853073500160333, 49.971090600243492 ], [ 7.85417319976486, 49.971273399786618 ] ] ], [ [ [ 8.245705200040904, 48.776532499914538 ], [ 8.241968800448722, 48.776192400109821 ], [ 8.24321870016537, 48.777526099830169 ], [ 8.245705200040904, 48.776532499914538 ] ] ], [ [ [ 8.10555680025193, 49.485633700131253 ], [ 8.123043199858381, 49.4881881001441 ], [ 8.122203300220582, 49.484647200106863 ], [ 8.10555680025193, 49.485633700131253 ] ] ], [ [ [ 8.338173900056024, 47.570314200072254 ], [ 8.253970800192684, 47.614928100246011 ], [ 8.334748000446849, 47.638838599814505 ], [ 8.327633799740815, 47.66307909993553 ], [ 8.363390200274385, 47.687157699910955 ], [ 8.415356400072627, 47.684291500134172 ], [ 8.412196300277929, 47.66634159997858 ], [ 8.465955099903733, 47.657259899765222 ], [ 8.463709699765612, 47.648474600050498 ], [ 8.47348459985046, 47.638415900026587 ], [ 8.531771900248289, 47.645752900005803 ], [ 8.559708300045301, 47.670236299837335 ], [ 8.606705800327745, 47.672105199831812 ], [ 8.628745699922311, 47.652314599711374 ], [ 8.595690899960699, 47.643037500288472 ], [ 8.58257699969403, 47.596138300010715 ], [ 8.517256900327915, 47.634249800112642 ], [ 8.456674999962203, 47.60232729988131 ], [ 8.486427699838899, 47.577442400196233 ], [ 8.338173900056024, 47.570314200072254 ] ] ] ] } },
{ "type": "Feature", "properties": { "climate_region": 13 }, "geometry": { "type": "MultiPolygon", "coordinates": [ [ [ [ 9.510486500212892, 47.638354999824685 ], [ 9.28965540024268, 47.68238440013041 ], [ 9.21743159969612, 47.74475599971472 ], [ 9.061186900083712, 47.815137000077506 ], [ 9.0309903004043, 47.804612600106147 ], [ 9.173439800370554, 47.734510400080936 ], [ 9.179559600193096, 47.706650800214206 ], [ 9.217990599737835, 47.665983699897218 ], [ 9.175971100127603, 47.653984199843272 ], [ 9.128497299606799, 47.667319000136303 ], [ 9.093680400316439, 47.705691399842493 ], [ 8.989616400225838, 47.743653099710535 ], [ 9.014555800147757, 47.719608899924374 ], [ 8.940269899798517, 47.728400600194391 ], [ 8.998407300121487, 47.686657499937965 ], [ 8.893298700390925, 47.652249399917842 ], [ 8.850531300306068, 47.681177000021506 ], [ 8.872736799831662, 47.704097799944336 ], [ 8.819036200256507, 47.712784500263659 ], [ 8.806676200312246, 47.738292900260795 ], [ 8.769752599865383, 47.718462799791077 ], [ 8.810094999637395, 47.693361699744919 ], [ 8.796012799936067, 47.675391299989627 ], [ 8.728023099785034, 47.692764399960382 ], [ 8.736291499985601, 47.716336700018061 ], [ 8.711143799613886, 47.730147700232855 ], [ 8.741136499690118, 47.751984500061745 ], [ 8.683585400108651, 47.770598100176578 ], [ 8.715512199941044, 47.814136299815445 ], [ 8.778680199991076, 47.813095499976598 ], [ 8.816658100086322, 47.852367800254136 ], [ 8.86124569983753, 47.863520499842906 ], [ 8.925937200388645, 47.842566200248669 ], [ 8.963589799858237, 47.86942469986294 ], [ 8.964774400138575, 47.924382800008111 ], [ 9.012549800134579, 47.936905600029291 ], [ 9.014153000065946, 47.978251699819126 ], [ 9.060836000167438, 48.005351700236638 ], [ 9.04462010044371, 48.03196689970774 ], [ 9.09616440018052, 48.058345799802481 ], [ 9.121144400360057, 48.058648699816217 ], [ 9.108244399742324, 48.037799600289397 ], [ 9.132437599700459, 48.021329400133304 ], [ 9.242234000248999, 48.031770199728946 ], [ 9.272492599852683, 48.046378999833017 ], [ 9.230244099913607, 48.065213200204823 ], [ 9.255542199823433, 48.090840100191294 ], [ 9.387004899623044, 48.112515700166568 ], [ 9.386453399615597, 48.139393300223041 ], [ 9.428424799832277, 48.145603300223975 ], [ 9.425431100367554, 48.163713699790748 ], [ 9.386969399999646, 48.170088900111601 ], [ 9.397134500396117, 48.195066599754078 ], [ 9.499672100223973, 48.211697299731476 ], [ 9.490427299581556, 48.242390099963572 ], [ 9.530473699975868, 48.260558599733415 ], [ 9.506236099886495, 48.278999499980443 ], [ 9.558123500366314, 48.29345029995654 ], [ 9.534321000183121, 48.318464699938175 ], [ 9.579939699692178, 48.327051000111524 ], [ 9.591997200049345, 48.355661899738969 ], [ 9.777217399612528, 48.355916900063598 ], [ 9.753107799569674, 48.397416999966779 ], [ 9.679028200020355, 48.427142699836317 ], [ 9.828889199932572, 48.456412800068669 ], [ 9.802205400187949, 48.512729400017442 ], [ 9.836398000000216, 48.526596400046699 ], [ 9.913252299629466, 48.506638700058218 ], [ 10.013240500443922, 48.560075000296386 ], [ 10.037027299872578, 48.550515400123778 ], [ 10.064376000251139, 48.586678500093527 ], [ 10.171390300398459, 48.54928450002739 ], [ 10.185273499908178, 48.581885699839667 ], [ 10.230149899938375, 48.569424099954894 ], [ 10.267109699796274, 48.588374299707482 ], [ 10.307479199943787, 48.582178800047259 ], [ 10.297051399818859, 48.603987099880349 ], [ 10.323048699836832, 48.609030000195546 ], [ 10.295401500069117, 48.634406899994701 ], [ 10.352023100249692, 48.665713199945316 ], [ 10.31984519973583, 48.688779599885528 ], [ 10.331192800151523, 48.714000700071054 ], [ 10.298368600418284, 48.72058820001228 ], [ 10.425279000379001, 48.745816800228177 ], [ 10.42098919994428, 48.799127600274325 ], [ 10.448498399619718, 48.810070799923565 ], [ 10.389308300446189, 48.81530850021678 ], [ 10.42945619968785, 48.846090800256064 ], [ 10.379512800195236, 48.853678800025151 ], [ 10.358802300321681, 48.881020899793327 ], [ 10.388188599851889, 48.910056599920296 ], [ 10.285000099633789, 48.916637399765548 ], [ 10.296783000279952, 48.983926499960816 ], [ 10.189830799769881, 48.987161500188087 ], [ 10.185987499760603, 49.025572299883059 ], [ 10.082319399792109, 49.002136799781447 ], [ 10.04827579994274, 48.970850699817788 ], [ 9.980323299925946, 48.980882200055461 ], [ 9.893003700000266, 48.953318099986994 ], [ 9.8678877999896, 48.905628700193034 ], [ 9.933483499789922, 48.911635600161162 ], [ 9.896109500229279, 48.887412000079969 ], [ 9.932035299669268, 48.853947599986597 ], [ 9.894563699949614, 48.821243600115913 ], [ 9.846769800048651, 48.837874899964049 ], [ 9.867375300340239, 48.856398300064946 ], [ 9.850775100439657, 48.880121199875681 ], [ 9.802715900187504, 48.865904400211832 ], [ 9.821749000185543, 48.852229900205245 ], [ 9.808074299653311, 48.812240500042705 ], [ 9.77941769983177, 48.82910340000771 ], [ 9.722757199904486, 48.815097099892206 ], [ 9.714445500008923, 48.770341200040654 ], [ 9.573299699861685, 48.779363400107194 ], [ 9.581417899950097, 48.750230900221943 ], [ 9.54747919996972, 48.74030379982181 ], [ 9.471477500359798, 48.774186500058832 ], [ 9.41774230037484, 48.758073500174319 ], [ 9.390342500229654, 48.788138399812041 ], [ 9.386644400309621, 48.770404500160694 ], [ 9.323715600060178, 48.768867499891719 ], [ 9.275895299571317, 48.859926700211645 ], [ 9.305774200169047, 48.874762900067751 ], [ 9.309024100051094, 48.921025400175346 ], [ 9.222661699976404, 48.927146400000794 ], [ 9.251898299756075, 48.954381599954026 ], [ 9.341323699828068, 48.96890020001036 ], [ 9.35188769982142, 48.98913580008891 ], [ 9.245724000043593, 48.995351000071132 ], [ 9.25628209990214, 49.033647500257736 ], [ 9.202330900007134, 49.071180099829562 ], [ 9.260555900443361, 49.100210200053226 ], [ 9.202767500099837, 49.13247140011957 ], [ 9.266505700386558, 49.14566069992761 ], [ 9.212899900023331, 49.187897900177099 ], [ 9.164789099642972, 49.191122799737755 ], [ 9.169240899561091, 49.215621300148335 ], [ 9.179404100020767, 49.204939899888579 ], [ 9.217019999717774, 49.201062100235475 ], [ 9.216696899964575, 49.208150399753357 ], [ 9.181449699568329, 49.235406400247733 ], [ 9.184521399749157, 49.264783299882744 ], [ 9.157760299974331, 49.259850500203797 ], [ 9.130378099622211, 49.291603800117187 ], [ 9.162775199845184, 49.328701300229589 ], [ 9.251693700365289, 49.29844819996098 ], [ 9.312833399725196, 49.356450899829895 ], [ 9.353008199916339, 49.34412939984577 ], [ 9.385891799849416, 49.365768099988451 ], [ 9.434682100283743, 49.361036000206319 ], [ 9.464594599669711, 49.396947599753311 ], [ 9.447634399919023, 49.405052900246204 ], [ 9.521055800266419, 49.432446699801993 ], [ 9.481691900299076, 49.538220900197274 ], [ 9.452462399905102, 49.548165599711083 ], [ 9.471064799945241, 49.562911800201988 ], [ 9.45284179977209, 49.605044800188139 ], [ 9.367443600119406, 49.655237699876729 ], [ 9.310265899658814, 49.653924000161808 ], [ 9.343275100238296, 49.682878400274944 ], [ 9.372670700026621, 49.672320000221077 ], [ 9.301297000386231, 49.70739389998807 ], [ 9.363583100067371, 49.731547200052326 ], [ 9.337665500378012, 49.713713199855569 ], [ 9.351697000063023, 49.699766800209588 ], [ 9.380764200038007, 49.705382899894232 ], [ 9.385679999563296, 49.731893500022679 ], [ 9.420975700001767, 49.727415000093821 ], [ 9.414051500164822, 49.765397999850876 ], [ 9.353436900224432, 49.773010099942184 ], [ 9.357459800408501, 49.822300100280856 ], [ 9.427410099718241, 49.798809899796638 ], [ 9.429497799709907, 49.818906699864698 ], [ 9.492192499894616, 49.815841800108458 ], [ 9.527710100377938, 49.832880199924055 ], [ 9.546129700444256, 49.86690339994297 ], [ 9.596997499601875, 49.850805900133828 ], [ 9.606112299649636, 49.866248499727099 ], [ 9.596581000211957, 49.888621499921065 ], [ 9.564182099765167, 49.892917500179088 ], [ 9.51609049997567, 49.934571699783064 ], [ 9.587751399995554, 49.910499199861086 ], [ 9.619609699694246, 49.998184999868236 ], [ 9.679299899969598, 50.020970100182296 ], [ 9.673981199751152, 50.035214600200398 ], [ 9.61307970036693, 50.017770200220426 ], [ 9.557260300226666, 50.065680500032826 ], [ 9.626764499759599, 50.059950399722261 ], [ 9.672684199567525, 50.094498599986373 ], [ 9.706623799659791, 50.073348500082211 ], [ 9.757667900378463, 50.112766799824691 ], [ 9.806199999847296, 50.091780099872061 ], [ 9.779170099884956, 50.126440100236586 ], [ 9.803529199811452, 50.151461700169101 ], [ 9.843688600183686, 50.142819700230888 ], [ 9.864194799805455, 50.222355800163371 ], [ 9.929429400217758, 50.229530800163239 ], [ 9.922895500405447, 50.245221700110008 ], [ 9.953528700177561, 50.2283790999129 ], [ 9.986994599755905, 50.240780699943308 ], [ 10.032579299828079, 50.230236000279227 ], [ 10.026090799971943, 50.297287499964774 ], [ 10.074633799598423, 50.30690489997756 ], [ 10.024214600229065, 50.37165200018741 ], [ 10.08092969975937, 50.373556500238749 ], [ 10.106181399888149, 50.398339399888599 ], [ 10.139252799817893, 50.391512799950831 ], [ 10.163085399851296, 50.427015100035334 ], [ 10.079471600204268, 50.480854100122492 ], [ 10.030534499781135, 50.478818099776014 ], [ 10.037085499923194, 50.499918599956089 ], [ 10.068327300215458, 50.518457000220252 ], [ 10.149276599711753, 50.511916600047286 ], [ 10.15915060014213, 50.490921700051089 ], [ 10.201196800377556, 50.501037500021738 ], [ 10.224938100137059, 50.532870499977534 ], [ 10.203994199986376, 50.554646700164398 ], [ 10.173146900241008, 50.550155600092658 ], [ 10.187317099805899, 50.592917899722039 ], [ 10.247986699997846, 50.584551900149719 ], [ 10.275384499594894, 50.617521100095161 ], [ 10.356800899682742, 50.639493900221069 ], [ 10.371816999631511, 50.622739300029387 ], [ 10.396158700089291, 50.649524899996067 ], [ 10.422744700248915, 50.628357400281921 ], [ 10.463694500391853, 50.630004700103179 ], [ 10.456117699653825, 50.57782589986995 ], [ 10.482051600172316, 50.552612199970085 ], [ 10.513820600145243, 50.563974400264186 ], [ 10.567610300020172, 50.533593800276684 ], [ 10.672805800076386, 50.529747099767036 ], [ 10.696503700427883, 50.485482500153523 ], [ 10.877193100430203, 50.432998300040261 ], [ 10.839407299668597, 50.419947400030345 ], [ 10.830472300119879, 50.392712199800705 ], [ 10.876094600076602, 50.396646999788516 ], [ 10.893213100048371, 50.380171499946684 ], [ 10.937239100033397, 50.39215789980846 ], [ 10.985868699948231, 50.347332999811975 ], [ 10.993357700248716, 50.365394299826157 ], [ 11.04302170033173, 50.344761400148862 ], [ 11.113786800350299, 50.367304999964254 ], [ 11.17772499975527, 50.321307900063786 ], [ 11.159587999795844, 50.324290600199873 ], [ 11.158020700136481, 50.322332500157316 ], [ 11.180423299916892, 50.320860199946651 ], [ 11.193527200137837, 50.325655599814148 ], [ 11.230434700079854, 50.357967600163505 ], [ 11.202279999787361, 50.412647999728378 ], [ 11.233857300176989, 50.4538894002105 ], [ 11.255088799559145, 50.456547800240202 ], [ 11.284137199591838, 50.360674600007151 ], [ 11.262286499569184, 50.352359800233877 ], [ 11.264210300140624, 50.270333199792709 ], [ 11.334840899903242, 50.303239900176976 ], [ 11.334371199587258, 50.28780150004237 ], [ 11.385888799597238, 50.273916199986324 ], [ 11.348329100301042, 50.245087899999696 ], [ 11.402671999795929, 50.227139600162893 ], [ 11.476085800396012, 50.161461099910461 ], [ 11.499719499950782, 50.113134800268931 ], [ 11.478250699806539, 50.090604200058692 ], [ 11.504798100256714, 50.072994000001387 ], [ 11.48152899992632, 50.06702259971788 ], [ 11.51128690015018, 50.046023200071133 ], [ 11.541906099678597, 50.050377500029533 ], [ 11.581525299951371, 50.011519499725047 ], [ 11.533888599835214, 49.999089000231663 ], [ 11.540952900025582, 49.980827400214075 ], [ 11.600443100284387, 49.970903299714251 ], [ 11.554600599895322, 49.892611899853144 ], [ 11.625873999939289, 49.904611599860608 ], [ 11.62333939977187, 49.864637899925782 ], [ 11.728879599572256, 49.86231170013621 ], [ 11.707497099679069, 49.846752400123037 ], [ 11.739178000075453, 49.834861600129543 ], [ 11.692809699580936, 49.804252800037943 ], [ 11.786505800108099, 49.754962100130165 ], [ 11.774214600334838, 49.738240099829113 ], [ 11.809664699611062, 49.712016200105751 ], [ 11.836696500408527, 49.727643300274345 ], [ 11.887732400406927, 49.721321200007957 ], [ 11.865054999692926, 49.731909000196637 ], [ 11.88794199982059, 49.750031800062693 ], [ 11.975106599935591, 49.707781000063569 ], [ 11.975979500083694, 49.739866099882782 ], [ 12.026914500411079, 49.749114400279673 ], [ 12.01593170044238, 49.770735100218481 ], [ 12.053983500444481, 49.794817399822961 ], [ 12.087757000244103, 49.785354400213272 ], [ 12.103137400278248, 49.82351250007315 ], [ 12.132429499772824, 49.821524199980587 ], [ 12.169336999714842, 49.85576359985528 ], [ 12.201976200398464, 49.802627499866993 ], [ 12.23598059956546, 49.799659400192425 ], [ 12.267452300298492, 49.755124800168019 ], [ 12.210723399950515, 49.725719300277888 ], [ 12.217428400078351, 49.698295200018087 ], [ 12.291950700179461, 49.674095100186634 ], [ 12.255216499628762, 49.674654799977361 ], [ 12.256258099793982, 49.633860899813357 ], [ 12.211616600227396, 49.66256779994908 ], [ 12.18934430018064, 49.63983650010492 ], [ 12.149933299746317, 49.639945299950192 ], [ 12.136545399843271, 49.603356499993083 ], [ 12.227742600150732, 49.588880299814292 ], [ 12.24388879959157, 49.557368600176282 ], [ 12.217834300246214, 49.526948999900092 ], [ 12.250719100328514, 49.50607719992793 ], [ 12.290188999702726, 49.508766900041614 ], [ 12.299354900415445, 49.482507900148029 ], [ 12.266086599656877, 49.484890000090161 ], [ 12.229413600428195, 49.454641299719285 ], [ 12.239248499889177, 49.425458200128922 ], [ 12.32636219966354, 49.446098500097854 ], [ 12.344005899666136, 49.413694299902339 ], [ 12.386386600174026, 49.417092499826353 ], [ 12.362288500363446, 49.392942699800706 ], [ 12.38094330003241, 49.378851099741695 ], [ 12.488039099833896, 49.365733400236891 ], [ 12.48191569956372, 49.319784800140191 ], [ 12.510069300318332, 49.314999699968951 ], [ 12.454469000174168, 49.265232899787492 ], [ 12.521146000285366, 49.236539000234075 ], [ 12.570157800115906, 49.247972100178629 ], [ 12.58450560020572, 49.233933000099512 ], [ 12.549042499612403, 49.193175699743961 ], [ 12.561411499777483, 49.137643400152307 ], [ 12.596127299970803, 49.124180900248184 ], [ 12.582257900380498, 49.101772899732481 ], [ 12.61761869993096, 49.095596399843743 ], [ 12.594756699917617, 49.059226200291803 ], [ 12.621332900355805, 49.064366499811321 ], [ 12.652855399919867, 49.031512499746455 ], [ 12.686168399948643, 49.046414199705623 ], [ 12.681861500082469, 49.017259799714282 ], [ 12.727455699838785, 48.99953189997845 ], [ 12.726375800001451, 48.96937759976165 ], [ 12.770358099642845, 48.962561599960132 ], [ 12.81467840029139, 48.8894888000561 ], [ 12.891352099920979, 48.89568029999365 ], [ 12.911215400446721, 48.8733166997635 ], [ 12.982938899567174, 48.86617310025219 ], [ 13.03926420033272, 48.891854600276027 ], [ 13.028132999577384, 48.905838900113693 ], [ 13.034044100098157, 48.90861469999853 ], [ 13.074154500066616, 48.879274999751736 ], [ 13.008859300203548, 48.837893300092531 ], [ 13.091970699959946, 48.780927599952861 ], [ 13.13650889955707, 48.779119500170509 ], [ 13.12680019991879, 48.749698000046514 ], [ 13.185272299940214, 48.738770100043993 ], [ 13.212635199988494, 48.68800200005969 ], [ 13.261228299556697, 48.681119199844808 ], [ 13.286574100008098, 48.703298199786602 ], [ 13.362909500389897, 48.688076300252568 ], [ 13.329824100216424, 48.733260299966595 ], [ 13.402050300163133, 48.762783200233166 ], [ 13.425414000279497, 48.81650429974043 ], [ 13.455154800173643, 48.783147099876928 ], [ 13.477246699646726, 48.804443300124788 ], [ 13.473365099965299, 48.72022989974181 ], [ 13.522165999621643, 48.725548500067383 ], [ 13.53104319976835, 48.701844199903988 ], [ 13.494068099804554, 48.684526200169614 ], [ 13.485705499568358, 48.649277300271059 ], [ 13.560166399819824, 48.653426599947778 ], [ 13.589571500190583, 48.598173499993855 ], [ 13.577018599615471, 48.564933899770715 ], [ 13.511417800079293, 48.591120800146406 ], [ 13.475373099628316, 48.5560604997466 ], [ 13.438546800201431, 48.5582053998696 ], [ 13.458108699779697, 48.51126870009891 ], [ 13.41741250032965, 48.383548800262261 ], [ 13.328072099748146, 48.322476800249291 ], [ 13.256216400058916, 48.293559999735365 ], [ 13.1808424000504, 48.294991699852297 ], [ 13.02168019966893, 48.257817800112662 ], [ 12.956133399661109, 48.209280999815 ], [ 12.870050799644591, 48.201310099826877 ], [ 12.786919099759384, 48.123710900278851 ], [ 12.758556499665737, 48.126654800013952 ], [ 12.759480900229072, 48.075167200114741 ], [ 12.850205200421522, 48.016210999887114 ], [ 12.873910100445736, 47.963922699881124 ], [ 12.938170999853599, 47.943282800069241 ], [ 13.003615300290873, 47.849322099837366 ], [ 12.894250400099144, 47.744523399926379 ], [ 12.743069999613343, 47.810370400136087 ], [ 12.719006999675853, 47.76846530021546 ], [ 12.622136499971326, 47.795441799892686 ], [ 12.581245799990896, 47.760981500120728 ], [ 12.512384300128002, 47.748888500089627 ], [ 12.526535600037594, 47.70943650010819 ], [ 12.412526600269819, 47.693502499983836 ], [ 12.450244400361075, 47.745756200002397 ], [ 12.381228700188053, 47.750517899824814 ], [ 12.339723900201342, 47.808626800194645 ], [ 12.299011000171856, 47.803433100165897 ], [ 12.301155000277308, 47.772770100015002 ], [ 12.226549400298214, 47.718046200232259 ], [ 12.231097900263419, 47.734558099842964 ], [ 12.145325500192582, 47.75904149982 ], [ 12.022212599636395, 47.736131400195639 ], [ 11.986988900066281, 47.747435200263531 ], [ 11.981939000035352, 47.781014599961047 ], [ 11.887428699772315, 47.775329699823004 ], [ 11.810125299993183, 47.825477500297886 ], [ 11.782356000313754, 47.807997999848347 ], [ 11.742696799858026, 47.866665500242796 ], [ 11.718962400058228, 47.865238099730391 ], [ 11.733241900338658, 47.918057199925393 ], [ 11.654040699927378, 47.880552500079276 ], [ 11.623607200134481, 47.920302100087383 ], [ 11.564563600014132, 47.924047799778386 ], [ 11.573995499967314, 47.898196100140488 ], [ 11.539183100338249, 47.877129799718567 ], [ 11.51669520013172, 47.880761900250796 ], [ 11.522225900062271, 47.90236210016149 ], [ 11.473110399613631, 47.89563989987154 ], [ 11.522900499806338, 47.819403599915148 ], [ 11.49032470041886, 47.788808799790928 ], [ 11.482004199728468, 47.704879199771923 ], [ 11.372935100386744, 47.725413899738321 ], [ 11.347992799804762, 47.674776499964345 ], [ 11.317398799816692, 47.677101699795642 ], [ 11.290588800249399, 47.652216699841361 ], [ 11.235119600237804, 47.669398699885363 ], [ 11.203886299804777, 47.634905700100674 ], [ 11.182446100222521, 47.642768400026114 ], [ 11.151540000351941, 47.62230920007368 ], [ 11.121888100433283, 47.671682800104612 ], [ 11.174417899647478, 47.717229600024808 ], [ 11.13718459961652, 47.736203699770975 ], [ 11.074597900285148, 47.728310500091474 ], [ 11.059580300149827, 47.76116589992882 ], [ 11.121868800129377, 47.790818200149488 ], [ 11.063376499692156, 47.841414499738129 ], [ 11.07090689975081, 47.892343200295223 ], [ 11.018540399882211, 47.904443100100629 ], [ 11.022605500223362, 47.926577399846238 ], [ 10.97244619963538, 47.955422099794632 ], [ 10.98667080027553, 47.979195299738997 ], [ 10.895545200187787, 47.985276699932157 ], [ 10.869550299569928, 47.933906800110073 ], [ 10.775940399580808, 47.882964400020263 ], [ 10.773429799702843, 47.936867999793428 ], [ 10.690583100223005, 47.938912300297631 ], [ 10.691296899751114, 47.958429500099527 ], [ 10.727127099580263, 47.958463999781095 ], [ 10.708693399557237, 47.979443600203012 ], [ 10.637375199631725, 47.968988200148551 ], [ 10.622051699785962, 47.947690200233581 ], [ 10.538039899755647, 47.984588399719449 ], [ 10.461211200315379, 47.974152699714608 ], [ 10.438428899732386, 47.922534499994491 ], [ 10.395086199674948, 47.898450100159984 ], [ 10.375123900313314, 47.948496500135185 ], [ 10.335182099750661, 47.951656100276338 ], [ 10.3105712999664, 47.993616499793525 ], [ 10.272989500317578, 47.923542199981959 ], [ 10.17613480018227, 47.903464999712817 ], [ 10.195888499955142, 47.876577199931525 ], [ 10.176281099809428, 47.850207599867701 ], [ 10.232282200385598, 47.807680500241297 ], [ 10.287223700354879, 47.798843899842851 ], [ 10.288193599689036, 47.777270900100312 ], [ 10.116423800314822, 47.752488099892112 ], [ 10.13928009961935, 47.697963899824089 ], [ 10.11376659987407, 47.666263099923903 ], [ 10.090033499936474, 47.673444300017856 ], [ 10.077190200081136, 47.639051200153133 ], [ 10.059771299885123, 47.680028399957209 ], [ 10.028020900428462, 47.687807499709699 ], [ 9.932725000093244, 47.653805599860938 ], [ 9.945772600200401, 47.61987299974605 ], [ 9.885015699932497, 47.591004600090969 ], [ 9.874505200004215, 47.528537200145223 ], [ 9.815755000435427, 47.547695400074225 ], [ 9.827281900090252, 47.579972000129004 ], [ 9.802334000309095, 47.595939100108858 ], [ 9.765602100343862, 47.58909940007927 ], [ 9.736608200201108, 47.53485239998043 ], [ 9.728201000407717, 47.533857500064002 ], [ 9.595920099775961, 47.588364500264362 ], [ 9.550849599863986, 47.587605599726359 ], [ 9.510486500212892, 47.638354999824685 ] ] ], [ [ [ 9.040515299956899, 47.708268500119893 ], [ 9.072967100394131, 47.697692999765337 ], [ 9.091798700189136, 47.68627559991608 ], [ 9.04402059985739, 47.693086699778604 ], [ 9.040515299956899, 47.708268500119893 ] ] ], [ [ [ 8.668262300013195, 47.692699199893134 ], [ 8.664620899957294, 47.713381999843179 ], [ 8.701269800081839, 47.715198799739113 ], [ 8.717872899744153, 47.690689599990343 ], [ 8.668262300013195, 47.692699199893134 ] ] ], [ [ [ 9.187605500274184, 47.70348659969914 ], [ 9.19738610016948, 47.707866399868642 ], [ 9.201891300439691, 47.703549799771842 ], [ 9.187605500274184, 47.70348659969914 ] ] ], [ [ [ 8.939355399567892, 47.889705400255536 ], [ 8.955620700344067, 47.892933100279791 ], [ 8.953769600428558, 47.890174700058722 ], [ 8.939355399567892, 47.889705400255536 ] ] ], [ [ [ 12.699820100016359, 49.264422000117413 ], [ 12.708197899747145, 49.241938599750505 ], [ 12.682540300348798, 49.230984200188971 ], [ 12.639533999602319, 49.250907600246805 ], [ 12.652942799708804, 49.322855200150784 ], [ 12.695237400289956, 49.292093399977233 ], [ 12.714752200299538, 49.303155600036739 ], [ 12.784101900383373, 49.280538499720343 ], [ 12.764920800247339, 49.272786000095458 ], [ 12.808033800188328, 49.241001699929463 ], [ 12.806500499965843, 49.224290199957935 ], [ 12.699820100016359, 49.264422000117413 ] ] ] ] } },
{ "type": "Feature", "properties": { "climate_region": 14 }, "geometry": { "type": "Polygon", "coordinates": [ [ [ 8.239636499984986, 47.834800299839266 ], [ 8.311298000079463, 47.882700899824108 ], [ 8.292711299895563, 47.922933600076639 ], [ 8.315823499580151, 47.950399299811842 ], [ 8.269230899640634, 47.95311089976969 ], [ 8.334555300140318, 47.965167299703381 ], [ 8.364081000236308, 47.991364700192257 ], [ 8.335999200025732, 48.018249400229877 ], [ 8.347722400434758, 48.047819999813107 ], [ 8.308102699800367, 48.075855799938552 ], [ 8.340237599758234, 48.076808799833174 ], [ 8.344536800164086, 48.108864700047789 ], [ 8.401343299681265, 48.101242500111823 ], [ 8.383063499931039, 48.146086799758642 ], [ 8.340677200223976, 48.154520899730144 ], [ 8.39075840038284, 48.172124799822456 ], [ 8.393922200338185, 48.200292100097279 ], [ 8.482185699658764, 48.198872900169931 ], [ 8.478976600358587, 48.170351999755013 ], [ 8.517627800335701, 48.166744300160914 ], [ 8.558271300119593, 48.129854000077401 ], [ 8.542816499816976, 48.113672699924329 ], [ 8.583005000214516, 48.071837600096387 ], [ 8.639604599755444, 48.102177600239294 ], [ 8.669403599700209, 48.094677200172505 ], [ 8.674726099792307, 48.063019300170879 ], [ 8.702344300146022, 48.064118100126159 ], [ 8.720977300397987, 48.096423200272781 ], [ 8.666822899789043, 48.152484400089193 ], [ 8.740270200362717, 48.192797899709142 ], [ 8.709461699752787, 48.232266200235543 ], [ 8.76508070012623, 48.22229199985464 ], [ 8.798291199686126, 48.245083299958189 ], [ 8.827401499930115, 48.213975100112897 ], [ 8.88561960040667, 48.219585999947206 ], [ 8.930011900126914, 48.239084400051425 ], [ 8.975973200017323, 48.315199000168114 ], [ 9.025506900366716, 48.309708800085495 ], [ 9.015740699567097, 48.331819499808873 ], [ 9.062217500378271, 48.358545400261193 ], [ 9.044037300436829, 48.373001299983258 ], [ 9.130465399698137, 48.371504900256852 ], [ 9.150449599986406, 48.418773900175431 ], [ 9.209302900098667, 48.419586999805247 ], [ 9.170356200207143, 48.456164500180719 ], [ 9.25283379990308, 48.510490599914718 ], [ 9.309853500179885, 48.492530599940906 ], [ 9.33801930005605, 48.513942200122706 ], [ 9.367253600148581, 48.508443800182029 ], [ 9.402292100344793, 48.523823799922951 ], [ 9.379009500132286, 48.534684399775266 ], [ 9.407081300297106, 48.535743400205043 ], [ 9.40269430035201, 48.554919799945154 ], [ 9.466945700075735, 48.585217399973345 ], [ 9.482311900440193, 48.554416199732657 ], [ 9.531327999607708, 48.55528599992931 ], [ 9.598319400186847, 48.621878500196395 ], [ 9.676424499644639, 48.627813499899268 ], [ 9.695270999795266, 48.669677599751573 ], [ 9.776443700421227, 48.689660999785779 ], [ 9.760290600122389, 48.709922899769602 ], [ 9.78314850022478, 48.735515600252825 ], [ 9.80216759997912, 48.717409699709386 ], [ 9.838180700393364, 48.730270400020487 ], [ 9.90284879983129, 48.715930499860249 ], [ 9.882593099918097, 48.751093499790137 ], [ 9.943579700302449, 48.758034100151463 ], [ 9.903306300127394, 48.776621499843515 ], [ 9.890751199578155, 48.817541699975799 ], [ 9.932033399732441, 48.857492500141014 ], [ 9.894012499979498, 48.880917899879734 ], [ 9.933483499789922, 48.911635600161162 ], [ 9.881538099583809, 48.900668500289868 ], [ 9.866066400174027, 48.915560699890904 ], [ 9.910272700121453, 48.965306100252889 ], [ 10.001259000254722, 48.982085700102949 ], [ 10.04827579994274, 48.970850699817788 ], [ 10.082319399792109, 49.002136799781447 ], [ 10.185987499760603, 49.025572299883059 ], [ 10.189830799769881, 48.987161500188087 ], [ 10.296783000279952, 48.983926499960816 ], [ 10.285000099633789, 48.916637399765548 ], [ 10.388188599851889, 48.910056599920296 ], [ 10.358802300321681, 48.881020899793327 ], [ 10.379512800195236, 48.853678800025151 ], [ 10.42945619968785, 48.846090800256064 ], [ 10.389308300446189, 48.81530850021678 ], [ 10.448498399619718, 48.810070799923565 ], [ 10.42098919994428, 48.799127600274325 ], [ 10.423761400012754, 48.744208600062358 ], [ 10.298368600418284, 48.72058820001228 ], [ 10.331192800151523, 48.714000700071054 ], [ 10.31984519973583, 48.688779599885528 ], [ 10.352023100249692, 48.665713199945316 ], [ 10.295401500069117, 48.634406899994701 ], [ 10.323048699836832, 48.609030000195546 ], [ 10.297051399818859, 48.603987099880349 ], [ 10.307479199943787, 48.582178800047259 ], [ 10.267109699796274, 48.588374299707482 ], [ 10.230149899938375, 48.569424099954894 ], [ 10.185273499908178, 48.581885699839667 ], [ 10.171390300398459, 48.54928450002739 ], [ 10.064376000251139, 48.586678500093527 ], [ 10.037027299872578, 48.550515400123778 ], [ 10.013240500443922, 48.560075000296386 ], [ 9.913252299629466, 48.506638700058218 ], [ 9.836398000000216, 48.526596400046699 ], [ 9.802205400187949, 48.512729400017442 ], [ 9.828889199932572, 48.456412800068669 ], [ 9.679028200020355, 48.427142699836317 ], [ 9.753107799569674, 48.397416999966779 ], [ 9.777217399612528, 48.355916900063598 ], [ 9.591997200049345, 48.355661899738969 ], [ 9.579939699692178, 48.327051000111524 ], [ 9.534321000183121, 48.318464699938175 ], [ 9.558123500366314, 48.29345029995654 ], [ 9.506236099886495, 48.278999499980443 ], [ 9.530473699975868, 48.260558599733415 ], [ 9.490427299581556, 48.242390099963572 ], [ 9.499672100223973, 48.211697299731476 ], [ 9.397134500396117, 48.195066599754078 ], [ 9.386969399999646, 48.170088900111601 ], [ 9.425431100367554, 48.163713699790748 ], [ 9.425196899691512, 48.140456200041669 ], [ 9.386453399615597, 48.139393300223041 ], [ 9.386503999918935, 48.112250300061042 ], [ 9.247708900427378, 48.085511899836227 ], [ 9.230244099913607, 48.065213200204823 ], [ 9.269259099614482, 48.040221499901854 ], [ 9.132437599700459, 48.021329400133304 ], [ 9.109790200021989, 48.061088400206486 ], [ 9.04462010044371, 48.03196689970774 ], [ 9.060836000167438, 48.005351700236638 ], [ 9.014153000065946, 47.978251699819126 ], [ 9.012549800134579, 47.936905600029291 ], [ 8.964774400138575, 47.924382800008111 ], [ 8.963589799858237, 47.86942469986294 ], [ 8.925937200388645, 47.842566200248669 ], [ 8.86124569983753, 47.863520499842906 ], [ 8.816658100086322, 47.852367800254136 ], [ 8.778680199991076, 47.813095499976598 ], [ 8.715512199941044, 47.814136299815445 ], [ 8.688626899993356, 47.773520700229625 ], [ 8.649590300301474, 47.798471099869602 ], [ 8.63165279999701, 47.758196100300722 ], [ 8.618588599921724, 47.798329900198482 ], [ 8.568028100049757, 47.808459699911857 ], [ 8.577317999712722, 47.781674199966659 ], [ 8.519428800309488, 47.770606299817231 ], [ 8.530870200112172, 47.789873600023093 ], [ 8.491991599705747, 47.796980599782707 ], [ 8.513907600063042, 47.812522800091692 ], [ 8.489073499760387, 47.832584900166367 ], [ 8.433281599745936, 47.820617600238606 ], [ 8.442479500245692, 47.781146099776819 ], [ 8.422153499974979, 47.798615899841543 ], [ 8.402680999835487, 47.780860800180534 ], [ 8.358777699836772, 47.789330699818308 ], [ 8.336038999884401, 47.766093999938185 ], [ 8.239636499984986, 47.834800299839266 ] ], [ [ 8.942348100106008, 47.896448900257191 ], [ 8.953769600428558, 47.890174700058722 ], [ 8.955620700344067, 47.892933100279791 ], [ 8.942348100106008, 47.896448900257191 ] ] ] } },
{ "type": "Feature", "properties": { "climate_region": 15 }, "geometry": { "type": "MultiPolygon", "coordinates": [ [ [ [ 10.453312700297694, 47.553452499822498 ], [ 10.431300500254929, 47.503763399989417 ], [ 10.467970299684582, 47.47711019983727 ], [ 10.475945799695172, 47.432223300220144 ], [ 10.437421099578057, 47.412688000168842 ], [ 10.436764500275661, 47.380363400241414 ], [ 10.3947299996985, 47.375605299812989 ], [ 10.33033319956118, 47.304815499986745 ], [ 10.178342100074229, 47.270111399703175 ], [ 10.178287900221552, 47.294701800199221 ], [ 10.215971799690612, 47.311064000117689 ], [ 10.199509200131962, 47.32646010001644 ], [ 10.22981129975496, 47.387927900189496 ], [ 10.181848999874214, 47.392425799782394 ], [ 10.165874899675508, 47.368874900273163 ], [ 10.119335400050785, 47.37561300004743 ], [ 10.099811999570656, 47.35478620020519 ], [ 10.069140500126394, 47.410175999735941 ], [ 10.10558560036077, 47.428716699985785 ], [ 10.091576899917692, 47.459007399994213 ], [ 10.044774500240226, 47.487622200173895 ], [ 10.000764100398394, 47.482105600070177 ], [ 9.970630600181167, 47.545814099748434 ], [ 9.920682899555018, 47.529679000217392 ], [ 9.865276599579619, 47.56001339995646 ], [ 9.945772600200401, 47.61987299974605 ], [ 9.939626099752664, 47.657437499852257 ], [ 9.970628899670327, 47.654155099810069 ], [ 10.028020900428462, 47.687807499709699 ], [ 10.059771299885123, 47.680028399957209 ], [ 10.077190200081136, 47.639051200153133 ], [ 10.090033499936474, 47.673444300017856 ], [ 10.129583299963654, 47.676038399914241 ], [ 10.116423800314822, 47.752488099892112 ], [ 10.288193599689036, 47.777270900100312 ], [ 10.287223700354879, 47.798843899842851 ], [ 10.232282200385598, 47.807680500241297 ], [ 10.176281099809428, 47.850207599867701 ], [ 10.195888499955142, 47.876577199931525 ], [ 10.17613480018227, 47.903464999712817 ], [ 10.272989500317578, 47.923542199981959 ], [ 10.3105712999664, 47.993616499793525 ], [ 10.335182099750661, 47.951656100276338 ], [ 10.375123900313314, 47.948496500135185 ], [ 10.395086199674948, 47.898450100159984 ], [ 10.438428899732386, 47.922534499994491 ], [ 10.461211200315379, 47.974152699714608 ], [ 10.538039899755647, 47.984588399719449 ], [ 10.622051699785962, 47.947690200233581 ], [ 10.637375199631725, 47.968988200148551 ], [ 10.708693399557237, 47.979443600203012 ], [ 10.727127099580263, 47.958463999781095 ], [ 10.691296899751114, 47.958429500099527 ], [ 10.690583100223005, 47.938912300297631 ], [ 10.773429799702843, 47.936867999793428 ], [ 10.775940399580808, 47.882964400020263 ], [ 10.869550299569928, 47.933906800110073 ], [ 10.895545200187787, 47.985276699932157 ], [ 10.98667080027553, 47.979195299738997 ], [ 10.97244619963538, 47.955422099794632 ], [ 11.022605500223362, 47.926577399846238 ], [ 11.015256900313561, 47.9119649997617 ], [ 11.018540399882211, 47.904443100100629 ], [ 11.07090689975081, 47.892343200295223 ], [ 11.063376499692156, 47.841414499738129 ], [ 11.121868800129377, 47.790818200149488 ], [ 11.059580300149827, 47.76116589992882 ], [ 11.074597900285148, 47.728310500091474 ], [ 11.13718459961652, 47.736203699770975 ], [ 11.174417899647478, 47.717229600024808 ], [ 11.121888100433283, 47.671682800104612 ], [ 11.151540000351941, 47.62230920007368 ], [ 11.182446100222521, 47.642768400026114 ], [ 11.203886299804777, 47.634905700100674 ], [ 11.235119600237804, 47.669398699885363 ], [ 11.290588800249399, 47.652216699841361 ], [ 11.317398799816692, 47.677101699795642 ], [ 11.347992799804762, 47.674776499964345 ], [ 11.372935100386744, 47.725413899738321 ], [ 11.482004199728468, 47.704879199771923 ], [ 11.49032470041886, 47.788808799790928 ], [ 11.522900499806338, 47.819403599915148 ], [ 11.473110399613631, 47.89563989987154 ], [ 11.522225900062271, 47.90236210016149 ], [ 11.51669520013172, 47.880761900250796 ], [ 11.539183100338249, 47.877129799718567 ], [ 11.573995499967314, 47.898196100140488 ], [ 11.564563600014132, 47.924047799778386 ], [ 11.623607200134481, 47.920302100087383 ], [ 11.654040699927378, 47.880552500079276 ], [ 11.733241900338658, 47.918057199925393 ], [ 11.718962400058228, 47.865238099730391 ], [ 11.742696799858026, 47.866665500242796 ], [ 11.782356000313754, 47.807997999848347 ], [ 11.810125299993183, 47.825477500297886 ], [ 11.887428699772315, 47.775329699823004 ], [ 11.981939000035352, 47.781014599961047 ], [ 11.997432199723097, 47.74148149998976 ], [ 12.130351300363596, 47.760067699824667 ], [ 12.231097900263419, 47.734558099842964 ], [ 12.162424600147469, 47.701167000099566 ], [ 12.203961399921253, 47.60676460023614 ], [ 12.021909299650387, 47.611083000213959 ], [ 12.008532599942285, 47.625178099802284 ], [ 11.854955300242372, 47.602357900300895 ], [ 11.844041499870627, 47.581211800190928 ], [ 11.636179899578456, 47.594554900001377 ], [ 11.572416600362697, 47.51450639986664 ], [ 11.442089999902901, 47.517917000174371 ], [ 11.383842900012379, 47.472374499958832 ], [ 11.421193800293826, 47.444591500184572 ], [ 11.338612899730132, 47.449922900190558 ], [ 11.269884699973899, 47.397565300056051 ], [ 11.224959400151201, 47.395252400125081 ], [ 11.253416099669172, 47.428237699887362 ], [ 11.206990200096962, 47.433939599748143 ], [ 11.114823999668904, 47.395455599722567 ], [ 10.971896400138771, 47.399557499776037 ], [ 10.983612200226474, 47.430017699872437 ], [ 10.937174200347394, 47.48113709996322 ], [ 10.870039600227114, 47.483254999888935 ], [ 10.918006999843717, 47.513631199811599 ], [ 10.890310999996547, 47.537314199819086 ], [ 10.777508000175766, 47.513921100229638 ], [ 10.691002699698936, 47.558770300296125 ], [ 10.597947699840578, 47.569741300046395 ], [ 10.571105800199227, 47.533472299823927 ], [ 10.453312700297694, 47.553452499822498 ] ], [ [ 10.454515399834385, 47.555834999778064 ], [ 10.470712799653153, 47.579725300284998 ], [ 10.482007200041076, 47.584485000022227 ], [ 10.428999000327341, 47.577611399834488 ], [ 10.454515399834385, 47.555834999778064 ] ] ], [ [ [ 12.780066400429181, 47.579426900001124 ], [ 12.824483599652471, 47.612107100248373 ], [ 12.758575499932309, 47.651550099858774 ], [ 12.781165199921782, 47.673818200065284 ], [ 12.607343699642588, 47.673726899855545 ], [ 12.575026899822889, 47.632315199774467 ], [ 12.499169500190284, 47.625100599812342 ], [ 12.442360300337397, 47.692512700004805 ], [ 12.526535600037594, 47.70943650010819 ], [ 12.512384300128002, 47.748888500089627 ], [ 12.581245799990896, 47.760981500120728 ], [ 12.600699899938439, 47.788217700153936 ], [ 12.717274600447075, 47.767967700300218 ], [ 12.743069999613343, 47.810370400136087 ], [ 12.894250400099144, 47.744523399926379 ], [ 12.942235899870431, 47.770980399727094 ], [ 12.9045536003009, 47.727447399904705 ], [ 12.924907000086083, 47.710293699996015 ], [ 13.018222099948431, 47.722894400094717 ], [ 13.080748400153359, 47.687033799803736 ], [ 13.098935800091807, 47.635171699812162 ], [ 13.070641600418815, 47.586977999792175 ], [ 13.043652299815728, 47.583363599736991 ], [ 13.047646499724767, 47.492162699918751 ], [ 13.006620700312157, 47.464384200184988 ], [ 12.908726399661433, 47.496943099716653 ], [ 12.847692299958121, 47.545978499721308 ], [ 12.807262000035559, 47.548394900026864 ], [ 12.780066400429181, 47.579426900001124 ] ] ], [ [ [ 12.37933459971655, 47.753021699705222 ], [ 12.450244400361075, 47.745756200002397 ], [ 12.412526600269819, 47.693502499983836 ], [ 12.255249899889343, 47.679451099931057 ], [ 12.249217499855769, 47.747215699960371 ], [ 12.301155000277308, 47.772770100015002 ], [ 12.299011000171856, 47.803433100165897 ], [ 12.351227599965629, 47.802865400162759 ], [ 12.37933459971655, 47.753021699705222 ] ] ] ] } }
]
}
